pays,statut,continent,population,id_pays
Afghanistan,Developing,Asie,33736494,1
Afghanistan,Developing,Asie,327582,2
Afghanistan,Developing,Asie,31731688,3
Afghanistan,Developing,Asie,3696958,4
Afghanistan,Developing,Asie,2978599,5
Afghanistan,Developing,Asie,2883167,6
Afghanistan,Developing,Asie,284331,7
Afghanistan,Developing,Asie,2729431,8
Afghanistan,Developing,Asie,26616792,9
Afghanistan,Developing,Asie,2589345,10
Afghanistan,Developing,Asie,257798,11
Afghanistan,Developing,Asie,24118979,12
Afghanistan,Developing,Asie,2364851,13
Afghanistan,Developing,Asie,21979923,14
Afghanistan,Developing,Asie,2966463,15
Afghanistan,Developing,Asie,293756,16
Albania,Developing,Europe,28873,17
Albania,Developing,Europe,288914,18
Albania,Developing,Europe,289592,19
Albania,Developing,Europe,2941,20
Albania,Developing,Europe,295195,21
Albania,Developing,Europe,291321,22
Albania,Developing,Europe,2927519,23
Albania,Developing,Europe,2947314,24
Albania,Developing,Europe,29717,25
Albania,Developing,Europe,2992547,26
Albania,Developing,Europe,311487,27
Albania,Developing,Europe,326939,28
Albania,Developing,Europe,339616,29
Albania,Developing,Europe,3511,30
Albania,Developing,Europe,36173,31
Albania,Developing,Europe,38927,32
Algeria,Developing,Afrique,39871528,33
Algeria,Developing,Afrique,39113313,34
Algeria,Developing,Afrique,38338562,35
Algeria,Developing,Afrique,37565847,36
Algeria,Developing,Afrique,36819558,37
Algeria,Developing,Afrique,36117637,38
Algeria,Developing,Afrique,3546576,39
Algeria,Developing,Afrique,3486715,40
Algeria,Developing,Afrique,34376,41
Algeria,Developing,Afrique,33777915,42
Algeria,Developing,Afrique,33288437,43
Algeria,Developing,Afrique,3283196,44
Algeria,Developing,Afrique,3243514,45
Algeria,Developing,Afrique,3199546,46
Algeria,Developing,Afrique,31592153,47
Algeria,Developing,Afrique,3118366,48
Angola,Developing,Afrique,2785935,49
Angola,Developing,Afrique,2692466,50
Angola,Developing,Afrique,2599834,51
Angola,Developing,Afrique,259615,52
Angola,Developing,Afrique,24218565,53
Angola,Developing,Afrique,23369131,54
Angola,Developing,Afrique,22549547,55
Angola,Developing,Afrique,2175942,56
Angola,Developing,Afrique,2997687,57
Angola,Developing,Afrique,2262399,58
Angola,Developing,Afrique,19552542,59
Angola,Developing,Afrique,18865716,60
Angola,Developing,Afrique,1823369,61
Angola,Developing,Afrique,17572649,62
Angola,Developing,Afrique,16983266,63
Angola,Developing,Afrique,1644924,64
Antigua and Barbuda,Developing,Amérique du Nord,1383743,65
Argentina,Developing,Amérique du Sud,43417765,66
Argentina,Developing,Amérique du Sud,42981515,67
Argentina,Developing,Amérique du Sud,42539925,68
Argentina,Developing,Amérique du Sud,4296739,69
Argentina,Developing,Amérique du Sud,41656879,70
Argentina,Developing,Amérique du Sud,41223889,71
Argentina,Developing,Amérique du Sud,479947,72
Argentina,Developing,Amérique du Sud,4382389,73
Argentina,Developing,Amérique du Sud,3997224,74
Argentina,Developing,Amérique du Sud,3955889,75
Argentina,Developing,Amérique du Sud,39145488,76
Argentina,Developing,Amérique du Sud,38728696,77
Argentina,Developing,Amérique du Sud,3839379,78
Argentina,Developing,Amérique du Sud,3788937,79
Argentina,Developing,Amérique du Sud,3747159,80
Argentina,Developing,Amérique du Sud,3757452,81
Armenia,Developing,Asie,291695,82
Armenia,Developing,Asie,29622,83
Armenia,Developing,Asie,289359,84
Armenia,Developing,Asie,2881922,85
Armenia,Developing,Asie,2875581,86
Armenia,Developing,Asie,2877311,87
Armenia,Developing,Asie,2888584,88
Armenia,Developing,Asie,29822,89
Armenia,Developing,Asie,293356,90
Armenia,Developing,Asie,29585,91
Armenia,Developing,Asie,2981259,92
Armenia,Developing,Asie,3612,93
Armenia,Developing,Asie,31786,94
Armenia,Developing,Asie,333897,95
Armenia,Developing,Asie,35655,96
Armenia,Developing,Asie,369588,97
Australia,Developed,Océanie,23789338,98
Australia,Developed,Océanie,2346694,99
Australia,Developed,Océanie,23117353,100
Australia,Developed,Océanie,22728254,101
Australia,Developed,Océanie,223424,102
Australia,Developed,Océanie,223175,103
Australia,Developed,Océanie,216917,104
Australia,Developed,Océanie,212492,105
Australia,Developed,Océanie,28276,106
Australia,Developed,Océanie,26979,107
Australia,Developed,Océanie,23948,108
Australia,Developed,Océanie,21274,109
Australia,Developed,Océanie,198954,110
Australia,Developed,Océanie,196514,111
Australia,Developed,Océanie,19413,112
Australia,Developed,Océanie,19153,113
Austria,Developed,Europe,8633169,114
Austria,Developed,Europe,8541575,115
Austria,Developed,Europe,8479375,116
Austria,Developed,Europe,8429991,117
Austria,Developed,Europe,8391643,118
Austria,Developed,Europe,836344,119
Austria,Developed,Europe,8343323,120
Austria,Developed,Europe,8321496,121
Austria,Developed,Europe,8295487,122
Austria,Developed,Europe,8268641,123
Austria,Developed,Europe,8227829,124
Austria,Developed,Europe,8171966,125
Austria,Developed,Europe,8121423,126
Austria,Developed,Europe,881957,127
Austria,Developed,Europe,842293,128
Austria,Developed,Europe,811566,129
Azerbaijan,Developing,Asie,9649341,130
Azerbaijan,Developing,Asie,953579,131
Azerbaijan,Developing,Asie,941681,132
Azerbaijan,Developing,Asie,9295784,133
Azerbaijan,Developing,Asie,917382,134
Azerbaijan,Developing,Asie,954332,135
Azerbaijan,Developing,Asie,8947243,136
Azerbaijan,Developing,Asie,87634,137
Azerbaijan,Developing,Asie,85813,138
Azerbaijan,Developing,Asie,848455,139
Azerbaijan,Developing,Asie,839185,140
Azerbaijan,Developing,Asie,8365,141
Azerbaijan,Developing,Asie,82341,142
Azerbaijan,Developing,Asie,817195,143
Azerbaijan,Developing,Asie,81112,144
Azerbaijan,Developing,Asie,8486,145
Bahamas,Developing,Amérique du Nord,1383743,146
Bahrain,Developing,Asie,1383743,147
Bangladesh,Developing,Asie,1612886,148
Bangladesh,Developing,Asie,15945279,149
Bangladesh,Developing,Asie,157571292,150
Bangladesh,Developing,Asie,15572753,151
Bangladesh,Developing,Asie,153911916,152
Bangladesh,Developing,Asie,15214912,153
Bangladesh,Developing,Asie,1545478,154
Bangladesh,Developing,Asie,14885814,155
Bangladesh,Developing,Asie,147139191,156
Bangladesh,Developing,Asie,1453684,157
Bangladesh,Developing,Asie,14343111,158
Bangladesh,Developing,Asie,14137489,159
Bangladesh,Developing,Asie,139191,160
Bangladesh,Developing,Asie,1366667,161
Bangladesh,Developing,Asie,1341716,162
Bangladesh,Developing,Asie,131581243,163
Barbados,Developing,Amérique du Nord,1383743,164
Belarus,Developing,Europe,9489616,165
Belarus,Developing,Europe,9474511,166
Belarus,Developing,Europe,9465997,167
Belarus,Developing,Europe,9464495,168
Belarus,Developing,Europe,9473172,169
Belarus,Developing,Europe,949583,170
Belarus,Developing,Europe,956765,171
Belarus,Developing,Europe,9527985,172
Belarus,Developing,Europe,956953,173
Belarus,Developing,Europe,964924,174
Belarus,Developing,Europe,9663915,175
Belarus,Developing,Europe,973146,176
Belarus,Developing,Europe,9796749,177
Belarus,Developing,Europe,9865548,178
Belarus,Developing,Europe,9928549,179
Belarus,Developing,Europe,997961,180
Belgium,Developed,Europe,11274196,181
Belgium,Developed,Europe,112957,182
Belgium,Developed,Europe,11182817,183
Belgium,Developed,Europe,11128246,184
Belgium,Developed,Europe,1147744,185
Belgium,Developed,Europe,1895586,186
Belgium,Developed,Europe,1796493,187
Belgium,Developed,Europe,179973,188
Belgium,Developed,Europe,16257,189
Belgium,Developed,Europe,1547958,190
Belgium,Developed,Europe,1478617,191
Belgium,Developed,Europe,1421137,192
Belgium,Developed,Europe,1376133,193
Belgium,Developed,Europe,1332785,194
Belgium,Developed,Europe,128657,195
Belgium,Developed,Europe,125125,196
Belize,Developing,Amérique du Nord,359288,197
Belize,Developing,Amérique du Nord,351694,198
Belize,Developing,Amérique du Nord,344181,199
Belize,Developing,Amérique du Nord,33671,200
Belize,Developing,Amérique du Nord,329192,201
Belize,Developing,Amérique du Nord,32168,202
Belize,Developing,Amérique du Nord,313929,203
Belize,Developing,Amérique du Nord,36165,204
Belize,Developing,Amérique du Nord,29847,205
Belize,Developing,Amérique du Nord,29747,206
Belize,Developing,Amérique du Nord,283277,207
Belize,Developing,Amérique du Nord,27689,208
Belize,Developing,Amérique du Nord,26913,209
Belize,Developing,Amérique du Nord,26226,210
Belize,Developing,Amérique du Nord,254984,211
Belize,Developing,Amérique du Nord,247315,212
Benin,Developing,Afrique,1575952,213
Benin,Developing,Afrique,1286712,214
Benin,Developing,Afrique,14451,215
Benin,Developing,Afrique,972916,216
Benin,Developing,Afrique,94682,217
Benin,Developing,Afrique,9199259,218
Benin,Developing,Afrique,894476,219
Benin,Developing,Afrique,8696916,220
Benin,Developing,Afrique,8454791,221
Benin,Developing,Afrique,8216896,222
Benin,Developing,Afrique,7982225,223
Benin,Developing,Afrique,7754,224
Benin,Developing,Afrique,752555,225
Benin,Developing,Afrique,7295394,226
Benin,Developing,Afrique,776733,227
Benin,Developing,Afrique,6865951,228
Bhutan,Developing,Asie,787386,229
Bhutan,Developing,Asie,776448,230
Bhutan,Developing,Asie,764961,231
Bhutan,Developing,Asie,752967,232
Bhutan,Developing,Asie,7451,233
Bhutan,Developing,Asie,727641,234
Bhutan,Developing,Asie,714458,235
Bhutan,Developing,Asie,795,236
Bhutan,Developing,Asie,686958,237
Bhutan,Developing,Asie,672228,238
Bhutan,Developing,Asie,656639,239
Bhutan,Developing,Asie,64282,240
Bhutan,Developing,Asie,623434,241
Bhutan,Developing,Asie,66399,242
Bhutan,Developing,Asie,5896,243
Bhutan,Developing,Asie,573416,244
Bolivia,Developing,Amérique du Sud,1383743,245
Bosnia and Herzegovina,Developing,Europe,3535961,246
Bosnia and Herzegovina,Developing,Europe,35662,247
Bosnia and Herzegovina,Developing,Europe,364999,248
Bosnia and Herzegovina,Developing,Europe,36482,249
Bosnia and Herzegovina,Developing,Europe,3688865,250
Bosnia and Herzegovina,Developing,Europe,372284,251
Bosnia and Herzegovina,Developing,Europe,3746561,252
Bosnia and Herzegovina,Developing,Europe,3763599,253
Bosnia and Herzegovina,Developing,Europe,3774,254
Bosnia and Herzegovina,Developing,Europe,3779468,255
Bosnia and Herzegovina,Developing,Europe,378153,256
Bosnia and Herzegovina,Developing,Europe,3781287,257
Bosnia and Herzegovina,Developing,Europe,3779247,258
Bosnia and Herzegovina,Developing,Europe,377587,259
Bosnia and Herzegovina,Developing,Europe,3771284,260
Bosnia and Herzegovina,Developing,Europe,376676,261
Botswana,Developing,Afrique,229197,262
Botswana,Developing,Afrique,2168573,263
Botswana,Developing,Afrique,212857,264
Botswana,Developing,Afrique,289315,265
Botswana,Developing,Afrique,251339,266
Botswana,Developing,Afrique,214866,267
Botswana,Developing,Afrique,1979882,268
Botswana,Developing,Afrique,1946351,269
Botswana,Developing,Afrique,1914414,270
Botswana,Developing,Afrique,1884238,271
Botswana,Developing,Afrique,1855852,272
Botswana,Developing,Afrique,182933,273
Botswana,Developing,Afrique,184339,274
Botswana,Developing,Afrique,1779953,275
Botswana,Developing,Afrique,1754935,276
Botswana,Developing,Afrique,172834,277
Brazil,Developing,Amérique du Sud,2596218,278
Brazil,Developing,Amérique du Sud,24213133,279
Brazil,Developing,Amérique du Sud,2248632,280
Brazil,Developing,Amérique du Sud,256983,281
Brazil,Developing,Amérique du Sud,198686688,282
Brazil,Developing,Amérique du Sud,196796269,283
Brazil,Developing,Amérique du Sud,194895996,284
Brazil,Developing,Amérique du Sud,19297929,285
Brazil,Developing,Amérique du Sud,19126637,286
Brazil,Developing,Amérique du Sud,18912412,287
Brazil,Developing,Amérique du Sud,186917361,288
Brazil,Developing,Amérique du Sud,184738458,289
Brazil,Developing,Amérique du Sud,182482149,290
Brazil,Developing,Amérique du Sud,1815121,291
Brazil,Developing,Amérique du Sud,1777567,292
Brazil,Developing,Amérique du Sud,175287587,293
Brunei Darussalam,Developing,Asie,1383743,294
Bulgaria,Developed,Europe,7177991,295
Bulgaria,Developed,Europe,7223938,296
Bulgaria,Developed,Europe,7265115,297
Bulgaria,Developed,Europe,735888,298
Bulgaria,Developed,Europe,7348328,299
Bulgaria,Developed,Europe,7395599,300
Bulgaria,Developed,Europe,7444443,301
Bulgaria,Developed,Europe,7492561,302
Bulgaria,Developed,Europe,7545338,303
Bulgaria,Developed,Europe,76122,304
Bulgaria,Developed,Europe,7658972,305
Bulgaria,Developed,Europe,771686,306
Bulgaria,Developed,Europe,7775327,307
Bulgaria,Developed,Europe,7837161,308
Bulgaria,Developed,Europe,89142,309
Bulgaria,Developed,Europe,817172,310
Burkina Faso,Developing,Afrique,1811624,311
Burkina Faso,Developing,Afrique,17585977,312
Burkina Faso,Developing,Afrique,1772723,313
Burkina Faso,Developing,Afrique,16571216,314
Burkina Faso,Developing,Afrique,168194,315
Burkina Faso,Developing,Afrique,1565217,316
Burkina Faso,Developing,Afrique,1514199,317
Burkina Faso,Developing,Afrique,14689726,318
Burkina Faso,Developing,Afrique,1425221,319
Burkina Faso,Developing,Afrique,13829177,320
Burkina Faso,Developing,Afrique,1342193,321
Burkina Faso,Developing,Afrique,133569,322
Burkina Faso,Developing,Afrique,12654621,323
Burkina Faso,Developing,Afrique,122931,324
Burkina Faso,Developing,Afrique,11944587,325
Burkina Faso,Developing,Afrique,1167942,326
Burundi,Developing,Afrique,119927,327
Burundi,Developing,Afrique,989179,328
Burundi,Developing,Afrique,96186,329
Burundi,Developing,Afrique,931971,330
Burundi,Developing,Afrique,94358,331
Burundi,Developing,Afrique,876693,332
Burundi,Developing,Afrique,848931,333
Burundi,Developing,Afrique,8212264,334
Burundi,Developing,Afrique,7939573,335
Burundi,Developing,Afrique,7675338,336
Burundi,Developing,Afrique,7423289,337
Burundi,Developing,Afrique,7182451,338
Burundi,Developing,Afrique,6953113,339
Burundi,Developing,Afrique,6741569,340
Burundi,Developing,Afrique,6555829,341
Burundi,Developing,Afrique,6476,342
Côte d'Ivoire,Developing,Afrique,1383743,343
Cabo Verde,Developing,Afrique,532913,344
Cabo Verde,Developing,Afrique,526437,345
Cabo Verde,Developing,Afrique,5216,346
Cabo Verde,Developing,Afrique,513979,347
Cabo Verde,Developing,Afrique,5867,348
Cabo Verde,Developing,Afrique,52384,349
Cabo Verde,Developing,Afrique,496963,350
Cabo Verde,Developing,Afrique,491723,351
Cabo Verde,Developing,Afrique,486438,352
Cabo Verde,Developing,Afrique,48795,353
Cabo Verde,Developing,Afrique,474567,354
Cabo Verde,Developing,Afrique,467664,355
Cabo Verde,Developing,Afrique,46147,356
Cabo Verde,Developing,Afrique,45216,357
Cabo Verde,Developing,Afrique,443716,358
Cabo Verde,Developing,Afrique,43579,359
Cambodia,Developing,Asie,15517635,360
Cambodia,Developing,Asie,152779,361
Cambodia,Developing,Asie,1522692,362
Cambodia,Developing,Asie,14776866,363
Cambodia,Developing,Asie,14537886,364
Cambodia,Developing,Asie,143874,365
Cambodia,Developing,Asie,14928,366
Cambodia,Developing,Asie,138859,367
Cambodia,Developing,Asie,13676693,368
Cambodia,Developing,Asie,13474489,369
Cambodia,Developing,Asie,132721,370
Cambodia,Developing,Asie,1363377,371
Cambodia,Developing,Asie,12853124,372
Cambodia,Developing,Asie,12634729,373
Cambodia,Developing,Asie,1242473,374
Cambodia,Developing,Asie,12152354,375
Cameroon,Developing,Afrique,22834522,376
Cameroon,Developing,Afrique,2223994,377
Cameroon,Developing,Afrique,21655715,378
Cameroon,Developing,Afrique,2182383,379
Cameroon,Developing,Afrique,252447,380
Cameroon,Developing,Afrique,1997495,381
Cameroon,Developing,Afrique,19432541,382
Cameroon,Developing,Afrique,18978,383
Cameroon,Developing,Afrique,18395389,384
Cameroon,Developing,Afrique,17899562,385
Cameroon,Developing,Afrique,1742795,386
Cameroon,Developing,Afrique,1695981,387
Cameroon,Developing,Afrique,16513822,388
Cameroon,Developing,Afrique,1684886,389
Cameroon,Developing,Afrique,15671927,390
Cameroon,Developing,Afrique,15274234,391
Canada,Developing,Amérique du Nord,3584861,392
Canada,Developing,Amérique du Nord,35544564,393
Canada,Developing,Amérique du Nord,35155451,394
Canada,Developing,Amérique du Nord,3475545,395
Canada,Developing,Amérique du Nord,3434278,396
Canada,Developing,Amérique du Nord,345274,397
Canada,Developing,Amérique du Nord,33628571,398
Canada,Developing,Amérique du Nord,33245773,399
Canada,Developing,Amérique du Nord,32887928,400
Canada,Developing,Amérique du Nord,325755,401
Canada,Developing,Amérique du Nord,32312,402
Canada,Developing,Amérique du Nord,31995,403
Canada,Developing,Amérique du Nord,31676,404
Canada,Developing,Amérique du Nord,31362,405
Canada,Developing,Amérique du Nord,31819,406
Canada,Developing,Amérique du Nord,37697,407
Central African Republic,Developing,Afrique,45461,408
Central African Republic,Developing,Afrique,4515392,409
Central African Republic,Developing,Afrique,4499653,410
Central African Republic,Developing,Afrique,449416,411
Central African Republic,Developing,Afrique,4476153,412
Central African Republic,Developing,Afrique,4448525,413
Central African Republic,Developing,Afrique,44423,414
Central African Republic,Developing,Afrique,4345386,415
Central African Republic,Developing,Afrique,42758,416
Central African Republic,Developing,Afrique,421758,417
Central African Republic,Developing,Afrique,412791,418
Central African Republic,Developing,Afrique,45536,419
Central African Republic,Developing,Afrique,3981665,420
Central African Republic,Developing,Afrique,397612,421
Central African Republic,Developing,Afrique,383223,422
Central African Republic,Developing,Afrique,3754986,423
Chad,Developing,Afrique,149413,424
Chad,Developing,Afrique,13569438,425
Chad,Developing,Afrique,13133589,426
Chad,Developing,Afrique,1275135,427
Chad,Developing,Afrique,12288651,428
Chad,Developing,Afrique,1188722,429
Chad,Developing,Afrique,1152786,430
Chad,Developing,Afrique,11133861,431
Chad,Developing,Afrique,177578,432
Chad,Developing,Afrique,1421597,433
Chad,Developing,Afrique,1679,434
Chad,Developing,Afrique,97143,435
Chad,Developing,Afrique,935321,436
Chad,Developing,Afrique,91689,437
Chad,Developing,Afrique,866312,438
Chad,Developing,Afrique,8342559,439
Chile,Developing,Amérique du Sud,17762681,440
Chile,Developing,Amérique du Sud,17613798,441
Chile,Developing,Amérique du Sud,17462982,442
Chile,Developing,Amérique du Sud,1739746,443
Chile,Developing,Amérique du Sud,17153357,444
Chile,Developing,Amérique du Sud,16993354,445
Chile,Developing,Amérique du Sud,16829442,446
Chile,Developing,Amérique du Sud,16661942,447
Chile,Developing,Amérique du Sud,16491687,448
Chile,Developing,Amérique du Sud,16319792,449
Chile,Developing,Amérique du Sud,1614764,450
Chile,Developing,Amérique du Sud,15973778,451
Chile,Developing,Amérique du Sud,15799542,452
Chile,Developing,Amérique du Sud,15623635,453
Chile,Developing,Amérique du Sud,15444969,454
Chile,Developing,Amérique du Sud,15262754,455
China,Developing,Asie,137122,456
China,Developing,Asie,136427,457
China,Developing,Asie,135738,458
China,Developing,Asie,135695,459
China,Developing,Asie,134413,460
China,Developing,Asie,133775,461
China,Developing,Asie,133126,462
China,Developing,Asie,1324655,463
China,Developing,Asie,1317885,464
China,Developing,Asie,13112,465
China,Developing,Asie,13372,466
China,Developing,Asie,129675,467
China,Developing,Asie,12884,468
China,Developing,Asie,1284,469
China,Developing,Asie,127185,470
China,Developing,Asie,1262645,471
Colombia,Developing,Amérique du Sud,48228697,472
Colombia,Developing,Amérique du Sud,47791911,473
Colombia,Developing,Amérique du Sud,47342981,474
Colombia,Developing,Amérique du Sud,46881475,475
Colombia,Developing,Amérique du Sud,4646646,476
Colombia,Developing,Amérique du Sud,4591897,477
Colombia,Developing,Amérique du Sud,45416181,478
Colombia,Developing,Amérique du Sud,4491544,479
Colombia,Developing,Amérique du Sud,44374572,480
Colombia,Developing,Amérique du Sud,43835722,481
Colombia,Developing,Amérique du Sud,43285634,482
Colombia,Developing,Amérique du Sud,42724163,483
Colombia,Developing,Amérique du Sud,42152151,484
Colombia,Developing,Amérique du Sud,41572491,485
Colombia,Developing,Amérique du Sud,498899,486
Colombia,Developing,Amérique du Sud,443958,487
Comoros,Developing,Afrique,777424,488
Comoros,Developing,Afrique,759385,489
Comoros,Developing,Afrique,7415,490
Comoros,Developing,Afrique,723868,491
Comoros,Developing,Afrique,76569,492
Comoros,Developing,Afrique,689692,493
Comoros,Developing,Afrique,673252,494
Comoros,Developing,Afrique,657229,495
Comoros,Developing,Afrique,64162,496
Comoros,Developing,Afrique,626425,497
Comoros,Developing,Afrique,611627,498
Comoros,Developing,Afrique,597228,499
Comoros,Developing,Afrique,583211,500
Comoros,Developing,Afrique,569479,501
Comoros,Developing,Afrique,555888,502
Comoros,Developing,Afrique,542357,503
Congo,Developing,Afrique,1383743,504
Costa Rica,Developing,Amérique du Nord,487852,505
Costa Rica,Developing,Amérique du Nord,4757575,506
Costa Rica,Developing,Amérique du Nord,47641,507
Costa Rica,Developing,Amérique du Nord,4654122,508
Costa Rica,Developing,Amérique du Nord,46474,509
Costa Rica,Developing,Amérique du Nord,454528,510
Costa Rica,Developing,Amérique du Nord,4488263,511
Costa Rica,Developing,Amérique du Nord,442958,512
Costa Rica,Developing,Amérique du Nord,4369469,513
Costa Rica,Developing,Amérique du Nord,438794,514
Costa Rica,Developing,Amérique du Nord,4247841,515
Costa Rica,Developing,Amérique du Nord,418738,516
Costa Rica,Developing,Amérique du Nord,4125971,517
Costa Rica,Developing,Amérique du Nord,46324,518
Costa Rica,Developing,Amérique du Nord,3996798,519
Costa Rica,Developing,Amérique du Nord,3925443,520
Croatia,Developed,Europe,42364,521
Croatia,Developed,Europe,4238389,522
Croatia,Developed,Europe,4255689,523
Croatia,Developed,Europe,4267558,524
Croatia,Developed,Europe,428622,525
Croatia,Developed,Europe,4417781,526
Croatia,Developed,Europe,442978,527
Croatia,Developed,Europe,443458,528
Croatia,Developed,Europe,4436,529
Croatia,Developed,Europe,444,530
Croatia,Developed,Europe,4442,531
Croatia,Developed,Europe,4439,532
Croatia,Developed,Europe,4426,533
Cuba,Developing,Amérique du Nord,1383743,534
Cyprus,Developed,Asie,116985,535
Cyprus,Developed,Asie,115239,536
Cyprus,Developed,Asie,1143896,537
Cyprus,Developed,Asie,113562,538
Cyprus,Developed,Asie,1124835,539
Cyprus,Developed,Asie,111267,540
Cyprus,Developed,Asie,19876,541
Cyprus,Developed,Asie,181563,542
Cyprus,Developed,Asie,163712,543
Cyprus,Developed,Asie,14559,544
Cyprus,Developed,Asie,127658,545
Cyprus,Developed,Asie,1141,546
Cyprus,Developed,Asie,993563,547
Cyprus,Developed,Asie,976966,548
Cyprus,Developed,Asie,96282,549
Cyprus,Developed,Asie,943286,550
Czechia,Developed,Europe,1383743,551
North Korea,Developing,Asie,1383743,552
Democratic Republic of the Congo,Developing,Afrique,1383743,553
Denmark,Developed,Europe,5683483,554
Denmark,Developed,Europe,5643475,555
Denmark,Developed,Europe,5614932,556
Denmark,Developed,Europe,5591572,557
Denmark,Developed,Europe,557572,558
Denmark,Developed,Europe,5547683,559
Denmark,Developed,Europe,552395,560
Denmark,Developed,Europe,5493621,561
Denmark,Developed,Europe,5461438,562
Denmark,Developed,Europe,5437272,563
Denmark,Developed,Europe,5419432,564
Denmark,Developed,Europe,544523,565
Denmark,Developed,Europe,539574,566
Denmark,Developed,Europe,5375931,567
Denmark,Developed,Europe,5358783,568
Denmark,Developed,Europe,5339616,569
Djibouti,Developing,Afrique,927414,570
Djibouti,Developing,Afrique,912164,571
Djibouti,Developing,Afrique,896688,572
Djibouti,Developing,Afrique,881185,573
Djibouti,Developing,Afrique,865937,574
Djibouti,Developing,Afrique,851146,575
Djibouti,Developing,Afrique,83684,576
Djibouti,Developing,Afrique,822934,577
Djibouti,Developing,Afrique,8942,578
Djibouti,Developing,Afrique,79628,579
Djibouti,Developing,Afrique,783254,580
Djibouti,Developing,Afrique,77752,581
Djibouti,Developing,Afrique,758615,582
Djibouti,Developing,Afrique,746221,583
Djibouti,Developing,Afrique,732711,584
Djibouti,Developing,Afrique,717584,585
Dominican Republic,Developing,Amérique du Nord,1528394,586
Dominican Republic,Developing,Amérique du Nord,145844,587
Dominican Republic,Developing,Amérique du Nord,1281296,588
Dominican Republic,Developing,Amérique du Nord,115495,589
Dominican Republic,Developing,Amérique du Nord,12795,590
Dominican Republic,Developing,Amérique du Nord,9897985,591
Dominican Republic,Developing,Amérique du Nord,9767758,592
Dominican Republic,Developing,Amérique du Nord,963652,593
Dominican Republic,Developing,Amérique du Nord,954353,594
Dominican Republic,Developing,Amérique du Nord,9371338,595
Dominican Republic,Developing,Amérique du Nord,9237566,596
Dominican Republic,Developing,Amérique du Nord,912998,597
Dominican Republic,Developing,Amérique du Nord,896776,598
Dominican Republic,Developing,Amérique du Nord,8832285,599
Dominican Republic,Developing,Amérique du Nord,8697126,600
Dominican Republic,Developing,Amérique du Nord,8562622,601
Ecuador,Developing,Amérique du Sud,16144368,602
Ecuador,Developing,Amérique du Sud,1593112,603
Ecuador,Developing,Amérique du Sud,15661547,604
Ecuador,Developing,Amérique du Sud,15419666,605
Ecuador,Developing,Amérique du Sud,15177355,606
Ecuador,Developing,Amérique du Sud,1493469,607
Ecuador,Developing,Amérique du Sud,14691275,608
Ecuador,Developing,Amérique du Sud,14447562,609
Ecuador,Developing,Amérique du Sud,1425453,610
Ecuador,Developing,Amérique du Sud,1396748,611
Ecuador,Developing,Amérique du Sud,13735233,612
Ecuador,Developing,Amérique du Sud,1359647,613
Ecuador,Developing,Amérique du Sud,1328961,614
Ecuador,Developing,Amérique du Sud,13726,615
Ecuador,Developing,Amérique du Sud,12852755,616
Ecuador,Developing,Amérique du Sud,12628596,617
Egypt,Developing,Afrique,1383743,618
El Salvador,Developing,Amérique du Nord,6312478,619
El Salvador,Developing,Amérique du Nord,6281189,620
El Salvador,Developing,Amérique du Nord,625777,621
El Salvador,Developing,Amérique du Nord,6221246,622
El Salvador,Developing,Amérique du Nord,619256,623
El Salvador,Developing,Amérique du Nord,6164626,624
El Salvador,Developing,Amérique du Nord,6137276,625
El Salvador,Developing,Amérique du Nord,61131,626
El Salvador,Developing,Amérique du Nord,683475,627
El Salvador,Developing,Amérique du Nord,656478,628
El Salvador,Developing,Amérique du Nord,628961,629
El Salvador,Developing,Amérique du Nord,6775,630
El Salvador,Developing,Amérique du Nord,5971535,631
El Salvador,Developing,Amérique du Nord,59433,632
El Salvador,Developing,Amérique du Nord,595962,633
El Salvador,Developing,Amérique du Nord,5867626,634
Equatorial Guinea,Developing,Afrique,1175389,635
Equatorial Guinea,Developing,Afrique,1129424,636
Equatorial Guinea,Developing,Afrique,183746,637
Equatorial Guinea,Developing,Afrique,138593,638
Equatorial Guinea,Developing,Afrique,99429,639
Equatorial Guinea,Developing,Afrique,95114,640
Equatorial Guinea,Developing,Afrique,99111,641
Equatorial Guinea,Developing,Afrique,868418,642
Equatorial Guinea,Developing,Afrique,829327,643
Equatorial Guinea,Developing,Afrique,792217,644
Equatorial Guinea,Developing,Afrique,757317,645
Equatorial Guinea,Developing,Afrique,724817,646
Equatorial Guinea,Developing,Afrique,694611,647
Equatorial Guinea,Developing,Afrique,66647,648
Equatorial Guinea,Developing,Afrique,639762,649
Equatorial Guinea,Developing,Afrique,614323,650
Eritrea,Developing,Afrique,447469,651
Eritrea,Developing,Afrique,43984,652
Eritrea,Developing,Afrique,431334,653
Eritrea,Developing,Afrique,4232636,654
Eritrea,Developing,Afrique,4153332,655
Eritrea,Developing,Afrique,466648,656
Eritrea,Developing,Afrique,39697,657
Eritrea,Developing,Afrique,3858623,658
Eritrea,Developing,Afrique,3738265,659
Eritrea,Developing,Afrique,3614639,660
Eritrea,Developing,Afrique,3497124,661
Eritrea,Developing,Afrique,339281,662
Estonia,Developing,Europe,131547,663
Estonia,Developing,Europe,1314545,664
Estonia,Developing,Europe,1317997,665
Estonia,Developing,Europe,1322696,666
Estonia,Developing,Europe,1327439,667
Estonia,Developing,Europe,1331475,668
Estonia,Developing,Europe,1334515,669
Estonia,Developing,Europe,13379,670
Estonia,Developing,Europe,13468,671
Estonia,Developing,Europe,134681,672
Estonia,Developing,Europe,1354775,673
Estonia,Developing,Europe,136255,674
Estonia,Developing,Europe,13772,675
Estonia,Developing,Europe,137935,676
Estonia,Developing,Europe,1388115,677
Estonia,Developing,Europe,1396985,678
Ethiopia,Developing,Afrique,9987333,679
Ethiopia,Developing,Afrique,97366774,680
Ethiopia,Developing,Afrique,94887724,681
Ethiopia,Developing,Afrique,92444183,682
Ethiopia,Developing,Afrique,946756,683
Ethiopia,Developing,Afrique,877267,684
Ethiopia,Developing,Afrique,85416253,685
Ethiopia,Developing,Afrique,83184892,686
Ethiopia,Developing,Afrique,8149,687
Ethiopia,Developing,Afrique,7885689,688
Ethiopia,Developing,Afrique,7672783,689
Ethiopia,Developing,Afrique,7462445,690
Ethiopia,Developing,Afrique,72545144,691
Ethiopia,Developing,Afrique,7497192,692
Ethiopia,Developing,Afrique,68492257,693
Ethiopia,Developing,Afrique,66537331,694
Fiji,Developing,Océanie,892149,695
Fiji,Developing,Océanie,88586,696
Fiji,Developing,Océanie,879715,697
Fiji,Developing,Océanie,873596,698
Fiji,Developing,Océanie,86786,699
Fiji,Developing,Océanie,85995,700
Fiji,Developing,Océanie,851967,701
Fiji,Developing,Océanie,84334,702
Fiji,Developing,Océanie,834812,703
Fiji,Developing,Océanie,827411,704
Fiji,Developing,Océanie,821817,705
Fiji,Developing,Océanie,818354,706
Fiji,Developing,Océanie,816628,707
Fiji,Developing,Océanie,815691,708
Fiji,Developing,Océanie,814218,709
Fiji,Developing,Océanie,811223,710
Finland,Developing,Europe,5479531,711
Finland,Developing,Europe,5461512,712
Finland,Developing,Europe,5438972,713
Finland,Developing,Europe,5413971,714
Finland,Developing,Europe,5388272,715
Finland,Developing,Europe,5363352,716
Finland,Developing,Europe,5338871,717
Finland,Developing,Europe,5313399,718
Finland,Developing,Europe,528872,719
Finland,Developing,Europe,5266268,720
Finland,Developing,Europe,524696,721
Finland,Developing,Europe,5228172,722
Finland,Developing,Europe,521314,723
Finland,Developing,Europe,52598,724
Finland,Developing,Europe,51888,725
Finland,Developing,Europe,517629,726
France,Developing,Europe,6662468,727
France,Developing,Europe,66331957,728
France,Developing,Europe,6599857,729
France,Developing,Europe,6565979,730
France,Developing,Europe,65342776,731
France,Developing,Europe,6527512,732
France,Developing,Europe,647744,733
France,Developing,Europe,6437499,734
France,Developing,Europe,6416229,735
France,Developing,Europe,63621376,736
France,Developing,Europe,63179356,737
France,Developing,Europe,6274897,738
France,Developing,Europe,62244884,739
France,Developing,Europe,6185267,740
France,Developing,Europe,61357431,741
France,Developing,Europe,6912498,742
Gabon,Developing,Afrique,193175,743
Gabon,Developing,Afrique,1875713,744
Gabon,Developing,Afrique,1817271,745
Gabon,Developing,Afrique,1756817,746
Gabon,Developing,Afrique,169711,747
Gabon,Developing,Afrique,16421,748
Gabon,Developing,Afrique,1586754,749
Gabon,Developing,Afrique,1536411,750
Gabon,Developing,Afrique,1489193,751
Gabon,Developing,Afrique,1444844,752
Gabon,Developing,Afrique,143126,753
Gabon,Developing,Afrique,136425,754
Gabon,Developing,Afrique,1328146,755
Gabon,Developing,Afrique,129449,756
Gabon,Developing,Afrique,1262259,757
Gabon,Developing,Afrique,1231122,758
Gambia,Developing,Afrique,1383743,759
Georgia,Developing,Asie,37171,760
Georgia,Developing,Asie,3727,761
Georgia,Developing,Asie,3776,762
Georgia,Developing,Asie,3825,763
Georgia,Developing,Asie,3875,764
Georgia,Developing,Asie,3926,765
Georgia,Developing,Asie,3978,766
Georgia,Developing,Asie,43,767
Georgia,Developing,Asie,482,768
Georgia,Developing,Asie,4136,769
Georgia,Developing,Asie,419,770
Georgia,Developing,Asie,4245,771
Georgia,Developing,Asie,431,772
Georgia,Developing,Asie,4357,773
Georgia,Developing,Asie,43864,774
Georgia,Developing,Asie,44183,775
Germany,Developed,Europe,81686611,776
Germany,Developed,Europe,89825,777
Germany,Developed,Europe,864565,778
Germany,Developed,Europe,8425823,779
Germany,Developed,Europe,8274983,780
Germany,Developed,Europe,8177693,781
Germany,Developed,Europe,819237,782
Germany,Developed,Europe,821197,783
Germany,Developed,Europe,82266372,784
Germany,Developed,Europe,82376451,785
Germany,Developed,Europe,82469422,786
Germany,Developed,Europe,8251626,787
Germany,Developed,Europe,82534176,788
Germany,Developed,Europe,82488495,789
Germany,Developed,Europe,82349925,790
Germany,Developed,Europe,8221158,791
Ghana,Developing,Afrique,27582821,792
Ghana,Developing,Afrique,26962563,793
Ghana,Developing,Afrique,26346251,794
Ghana,Developing,Afrique,2573349,795
Ghana,Developing,Afrique,25121796,796
Ghana,Developing,Afrique,2451214,797
Ghana,Developing,Afrique,2393831,798
Ghana,Developing,Afrique,2329864,799
Ghana,Developing,Afrique,227212,800
Ghana,Developing,Afrique,22113425,801
Ghana,Developing,Afrique,215429,802
Ghana,Developing,Afrique,2986536,803
Ghana,Developing,Afrique,2446782,804
Ghana,Developing,Afrique,19924522,805
Ghana,Developing,Afrique,1942165,806
Ghana,Developing,Afrique,18938762,807
Greece,Developing,Europe,182883,808
Greece,Developing,Europe,1892413,809
Greece,Developing,Europe,1965211,810
Greece,Developing,Europe,114511,811
Greece,Developing,Europe,1114899,812
Greece,Developing,Europe,11121341,813
Greece,Developing,Europe,111717,814
Greece,Developing,Europe,1177841,815
Greece,Developing,Europe,1148473,816
Greece,Developing,Europe,112362,817
Greece,Developing,Europe,1987314,818
Greece,Developing,Europe,1955141,819
Greece,Developing,Europe,19287,820
Greece,Developing,Europe,19222,821
Greece,Developing,Europe,1862132,822
Greece,Developing,Europe,18588,823
Grenada,Developing,Amérique du Nord,1383743,824
Guatemala,Developing,Amérique du Nord,16252429,825
Guatemala,Developing,Amérique du Nord,15923559,826
Guatemala,Developing,Amérique du Nord,15596214,827
Guatemala,Developing,Amérique du Nord,1527156,828
Guatemala,Developing,Amérique du Nord,14948919,829
Guatemala,Developing,Amérique du Nord,1463417,830
Guatemala,Developing,Amérique du Nord,1431628,831
Guatemala,Developing,Amérique du Nord,146366,832
Guatemala,Developing,Amérique du Nord,137286,833
Guatemala,Developing,Amérique du Nord,133978,834
Guatemala,Developing,Amérique du Nord,139628,835
Guatemala,Developing,Amérique du Nord,12796925,836
Guatemala,Developing,Amérique du Nord,125478,837
Guatemala,Developing,Amérique du Nord,1228848,838
Guatemala,Developing,Amérique du Nord,11924946,839
Guatemala,Developing,Amérique du Nord,1165743,840
Guinea,Developing,Afrique,1291533,841
Guinea,Developing,Afrique,118559,842
Guinea,Developing,Afrique,11536615,843
Guinea,Developing,Afrique,11281469,844
Guinea,Developing,Afrique,113517,845
Guinea,Developing,Afrique,179417,846
Guinea,Developing,Afrique,1556524,847
Guinea,Developing,Afrique,1323142,848
Guinea,Developing,Afrique,196727,849
Guinea,Developing,Afrique,9881428,850
Guinea,Developing,Afrique,9679745,851
Guinea,Developing,Afrique,949229,852
Guinea,Developing,Afrique,939848,853
Guinea,Developing,Afrique,9137345,854
Guinea,Developing,Afrique,8971139,855
Guinea,Developing,Afrique,888546,856
Guinea-Bissau,Developing,Afrique,177526,857
Guinea-Bissau,Developing,Afrique,1725744,858
Guinea-Bissau,Developing,Afrique,1681495,859
Guinea-Bissau,Developing,Afrique,1638139,860
Guinea-Bissau,Developing,Afrique,1596154,861
Guinea-Bissau,Developing,Afrique,155588,862
Guinea-Bissau,Developing,Afrique,1517448,863
Guinea-Bissau,Developing,Afrique,148841,864
Guinea-Bissau,Developing,Afrique,1445958,865
Guinea-Bissau,Developing,Afrique,1412669,866
Guinea-Bissau,Developing,Afrique,138838,867
Guinea-Bissau,Developing,Afrique,135345,868
Guinea-Bissau,Developing,Afrique,132122,869
Guinea-Bissau,Developing,Afrique,1293523,870
Guinea-Bissau,Developing,Afrique,1267512,871
Guinea-Bissau,Developing,Afrique,1243229,872
Guyana,Developing,Amérique du Sud,768514,873
Guyana,Developing,Amérique du Sud,763393,874
Guyana,Developing,Amérique du Sud,75881,875
Guyana,Developing,Amérique du Sud,75391,876
Guyana,Developing,Amérique du Sud,7491,877
Guyana,Developing,Amérique du Sud,746556,878
Guyana,Developing,Amérique du Sud,745693,879
Guyana,Developing,Amérique du Sud,746314,880
Guyana,Developing,Amérique du Sud,747869,881
Guyana,Developing,Amérique du Sud,74961,882
Guyana,Developing,Amérique du Sud,75946,883
Guyana,Developing,Amérique du Sud,751652,884
Guyana,Developing,Amérique du Sud,751857,885
Guyana,Developing,Amérique du Sud,751884,886
Guyana,Developing,Amérique du Sud,752263,887
Guyana,Developing,Amérique du Sud,75331,888
Haiti,Developing,Amérique du Nord,171161,889
Haiti,Developing,Amérique du Nord,1572466,890
Haiti,Developing,Amérique du Nord,1431776,891
Haiti,Developing,Amérique du Nord,128921,892
Haiti,Developing,Amérique du Nord,114554,893
Haiti,Developing,Amérique du Nord,9999617,894
Haiti,Developing,Amérique du Nord,985287,895
Haiti,Developing,Amérique du Nord,97529,896
Haiti,Developing,Amérique du Nord,9556889,897
Haiti,Developing,Amérique du Nord,949457,898
Haiti,Developing,Amérique du Nord,926344,899
Haiti,Developing,Amérique du Nord,9119178,900
Haiti,Developing,Amérique du Nord,8976552,901
Haiti,Developing,Amérique du Nord,8834733,902
Haiti,Developing,Amérique du Nord,8692567,903
Haiti,Developing,Amérique du Nord,85492,904
Honduras,Developing,Amérique du Nord,896829,905
Honduras,Developing,Amérique du Nord,889216,906
Honduras,Developing,Amérique du Nord,8657785,907
Honduras,Developing,Amérique du Nord,855646,908
Honduras,Developing,Amérique du Nord,83516,909
Honduras,Developing,Amérique du Nord,8194778,910
Honduras,Developing,Amérique du Nord,83521,911
Honduras,Developing,Amérique du Nord,7872658,912
Honduras,Developing,Amérique du Nord,777972,913
Honduras,Developing,Amérique du Nord,754146,914
Honduras,Developing,Amérique du Nord,737343,915
Honduras,Developing,Amérique du Nord,724153,916
Honduras,Developing,Amérique du Nord,733821,917
Honduras,Developing,Amérique du Nord,6863157,918
Honduras,Developing,Amérique du Nord,669361,919
Honduras,Developing,Amérique du Nord,6524283,920
Hungary,Developed,Europe,984328,921
Hungary,Developed,Europe,9866468,922
Hungary,Developed,Europe,989382,923
Hungary,Developed,Europe,992362,924
Hungary,Developed,Europe,9971727,925
Hungary,Developed,Europe,123,926
Hungary,Developed,Europe,12265,927
Hungary,Developed,Europe,138188,928
Hungary,Developed,Europe,15578,929
Hungary,Developed,Europe,17137,930
Hungary,Developed,Europe,18765,931
Hungary,Developed,Europe,117146,932
Hungary,Developed,Europe,1129552,933
Hungary,Developed,Europe,115868,934
Hungary,Developed,Europe,1187576,935
Hungary,Developed,Europe,121971,936
Iceland,Developed,Europe,33815,937
Iceland,Developed,Europe,327386,938
Iceland,Developed,Europe,323764,939
Iceland,Developed,Europe,32716,940
Iceland,Developed,Europe,31914,941
Iceland,Developed,Europe,31841,942
Iceland,Developed,Europe,318499,943
Iceland,Developed,Europe,317414,944
Iceland,Developed,Europe,311566,945
Iceland,Developed,Europe,33782,946
Iceland,Developed,Europe,296734,947
Iceland,Developed,Europe,29274,948
Iceland,Developed,Europe,289521,949
Iceland,Developed,Europe,287523,950
Iceland,Developed,Europe,284968,951
Iceland,Developed,Europe,28125,952
India,Developing,Asie,1395398,953
India,Developing,Asie,1293859294,954
India,Developing,Asie,127856227,955
India,Developing,Asie,126365852,956
India,Developing,Asie,124723629,957
India,Developing,Asie,12398691,958
India,Developing,Asie,121427132,959
India,Developing,Asie,119714696,960
India,Developing,Asie,1179681239,961
India,Developing,Asie,1161977719,962
India,Developing,Asie,1144118674,963
India,Developing,Asie,1126135777,964
India,Developing,Asie,11827848,965
India,Developing,Asie,18987112,966
India,Developing,Asie,171477855,967
India,Developing,Asie,1535912,968
Indonesia,Developing,Asie,258162113,969
Indonesia,Developing,Asie,255131116,970
Indonesia,Developing,Asie,25232263,971
Indonesia,Developing,Asie,248883232,972
Indonesia,Developing,Asie,24577511,973
Indonesia,Developing,Asie,242524123,974
Indonesia,Developing,Asie,23934478,975
Indonesia,Developing,Asie,236159276,976
Indonesia,Developing,Asie,232989141,977
Indonesia,Developing,Asie,22983822,978
Indonesia,Developing,Asie,22671273,979
Indonesia,Developing,Asie,223614649,980
Indonesia,Developing,Asie,22545214,981
Indonesia,Developing,Asie,2175859,982
Indonesia,Developing,Asie,2145652,983
Indonesia,Developing,Asie,21154429,984
Iran,Developing,Asie,1383743,985
Iraq,Developing,Asie,36115649,986
Iraq,Developing,Asie,3568,987
Iraq,Developing,Asie,33883145,988
Iraq,Developing,Asie,32776571,989
Iraq,Developing,Asie,3172753,990
Iraq,Developing,Asie,376271,991
Iraq,Developing,Asie,29894652,992
Iraq,Developing,Asie,29111417,993
Iraq,Developing,Asie,2839433,994
Iraq,Developing,Asie,27697912,995
Iraq,Developing,Asie,278426,996
Iraq,Developing,Asie,2631669,997
Iraq,Developing,Asie,25627626,998
Iraq,Developing,Asie,24939299,999
Iraq,Developing,Asie,24251649,1000
Iraq,Developing,Asie,23565413,1001
Ireland,Developed,Europe,4676835,1002
Ireland,Developed,Europe,4617225,1003
Ireland,Developed,Europe,4598294,1004
Ireland,Developed,Europe,4586897,1005
Ireland,Developed,Europe,4576794,1006
Ireland,Developed,Europe,456155,1007
Ireland,Developed,Europe,4535375,1008
Ireland,Developed,Europe,4489544,1009
Ireland,Developed,Europe,4398942,1010
Ireland,Developed,Europe,4273591,1011
Ireland,Developed,Europe,4159914,1012
Ireland,Developed,Europe,47262,1013
Ireland,Developed,Europe,3996521,1014
Ireland,Developed,Europe,3931947,1015
Ireland,Developed,Europe,3866243,1016
Ireland,Developed,Europe,385174,1017
Israel,Developing,Asie,8381,1018
Israel,Developing,Asie,82157,1019
Israel,Developing,Asie,8595,1020
Israel,Developing,Asie,7915,1021
Israel,Developing,Asie,77658,1022
Israel,Developing,Asie,76236,1023
Israel,Developing,Asie,74856,1024
Israel,Developing,Asie,7388,1025
Israel,Developing,Asie,7181,1026
Israel,Developing,Asie,7537,1027
Israel,Developing,Asie,6931,1028
Israel,Developing,Asie,689,1029
Israel,Developing,Asie,66897,1030
Israel,Developing,Asie,657,1031
Israel,Developing,Asie,6439,1032
Israel,Developing,Asie,6289,1033
Italy,Developed,Europe,673582,1034
Italy,Developed,Europe,678914,1035
Italy,Developed,Europe,6233948,1036
Italy,Developed,Europe,59539717,1037
Italy,Developed,Europe,59379449,1038
Italy,Developed,Europe,59277417,1039
Italy,Developed,Europe,5995365,1040
Italy,Developed,Europe,58826731,1041
Italy,Developed,Europe,5843831,1042
Italy,Developed,Europe,58143979,1043
Italy,Developed,Europe,57969484,1044
Italy,Developed,Europe,57685327,1045
Italy,Developed,Europe,5731323,1046
Italy,Developed,Europe,57597,1047
Italy,Developed,Europe,569741,1048
Italy,Developed,Europe,5694218,1049
Jamaica,Developing,Amérique du Nord,2871934,1050
Jamaica,Developing,Amérique du Nord,286287,1051
Jamaica,Developing,Amérique du Nord,285187,1052
Jamaica,Developing,Amérique du Nord,284992,1053
Jamaica,Developing,Amérique du Nord,2829493,1054
Jamaica,Developing,Amérique du Nord,281721,1055
Jamaica,Developing,Amérique du Nord,28482,1056
Jamaica,Developing,Amérique du Nord,279122,1057
Jamaica,Developing,Amérique du Nord,2775467,1058
Jamaica,Developing,Amérique du Nord,276279,1059
Jamaica,Developing,Amérique du Nord,2744673,1060
Jamaica,Developing,Amérique du Nord,2728777,1061
Jamaica,Developing,Amérique du Nord,2712511,1062
Jamaica,Developing,Amérique du Nord,2695446,1063
Jamaica,Developing,Amérique du Nord,267711,1064
Jamaica,Developing,Amérique du Nord,2656864,1065
Japan,Developed,Asie,127141,1066
Japan,Developed,Asie,127276,1067
Japan,Developed,Asie,127445,1068
Japan,Developed,Asie,127629,1069
Japan,Developed,Asie,127833,1070
Japan,Developed,Asie,1287,1071
Japan,Developed,Asie,12847,1072
Japan,Developed,Asie,12863,1073
Japan,Developed,Asie,1281,1074
Japan,Developed,Asie,127854,1075
Japan,Developed,Asie,127773,1076
Japan,Developed,Asie,127761,1077
Japan,Developed,Asie,127718,1078
Japan,Developed,Asie,127149,1079
Japan,Developed,Asie,126843,1080
Jordan,Developing,Asie,915932,1081
Jordan,Developing,Asie,88936,1082
Jordan,Developing,Asie,8413464,1083
Jordan,Developing,Asie,7992573,1084
Jordan,Developing,Asie,7574943,1085
Jordan,Developing,Asie,718239,1086
Jordan,Developing,Asie,6821116,1087
Jordan,Developing,Asie,6489822,1088
Jordan,Developing,Asie,6193191,1089
Jordan,Developing,Asie,5934232,1090
Jordan,Developing,Asie,5714111,1091
Jordan,Developing,Asie,5535595,1092
Jordan,Developing,Asie,5396774,1093
Jordan,Developing,Asie,5287488,1094
Jordan,Developing,Asie,5193482,1095
Jordan,Developing,Asie,51313,1096
Kazakhstan,Developing,Asie,17544126,1097
Kazakhstan,Developing,Asie,17289224,1098
Kazakhstan,Developing,Asie,1735275,1099
Kazakhstan,Developing,Asie,16791425,1100
Kazakhstan,Developing,Asie,165566,1101
Kazakhstan,Developing,Asie,16321581,1102
Kazakhstan,Developing,Asie,169271,1103
Kazakhstan,Developing,Asie,15674,1104
Kazakhstan,Developing,Asie,15484192,1105
Kazakhstan,Developing,Asie,153884,1106
Kazakhstan,Developing,Asie,1514729,1107
Kazakhstan,Developing,Asie,1512985,1108
Kazakhstan,Developing,Asie,149918,1109
Kazakhstan,Developing,Asie,14858948,1110
Kazakhstan,Developing,Asie,14858335,1111
Kazakhstan,Developing,Asie,14883626,1112
Kenya,Developing,Afrique,47236259,1113
Kenya,Developing,Afrique,462425,1114
Kenya,Developing,Afrique,44826849,1115
Kenya,Developing,Afrique,43646629,1116
Kenya,Developing,Afrique,42486839,1117
Kenya,Developing,Afrique,4135152,1118
Kenya,Developing,Afrique,423724,1119
Kenya,Developing,Afrique,39148416,1120
Kenya,Developing,Afrique,388599,1121
Kenya,Developing,Afrique,37525,1122
Kenya,Developing,Afrique,3648288,1123
Kenya,Developing,Afrique,3574931,1124
Kenya,Developing,Afrique,3413852,1125
Kenya,Developing,Afrique,332149,1126
Kenya,Developing,Afrique,32321482,1127
Kenya,Developing,Afrique,3145483,1128
Kiribati,Developing,Océanie,11247,1129
Kiribati,Developing,Océanie,11458,1130
Kiribati,Developing,Océanie,18535,1131
Kiribati,Developing,Océanie,16613,1132
Kiribati,Developing,Océanie,14656,1133
Kiribati,Developing,Océanie,12652,1134
Kiribati,Developing,Océanie,1568,1135
Kiribati,Developing,Océanie,9844,1136
Kiribati,Developing,Océanie,96311,1137
Kiribati,Developing,Océanie,9426,1138
Kiribati,Developing,Océanie,92325,1139
Kiribati,Developing,Océanie,9542,1140
Kiribati,Developing,Océanie,88895,1141
Kiribati,Developing,Océanie,87343,1142
Kiribati,Developing,Océanie,85858,1143
Kiribati,Developing,Océanie,8446,1144
Kuwait,Developing,Asie,1383743,1145
Kyrgyzstan,Developing,Asie,1383743,1146
Laos,Developing,Asie,1383743,1147
Latvia,Developed,Europe,1977527,1148
Latvia,Developed,Europe,1993782,1149
Latvia,Developed,Europe,212647,1150
Latvia,Developed,Europe,234319,1151
Latvia,Developed,Europe,25979,1152
Latvia,Developed,Europe,297555,1153
Latvia,Developed,Europe,2141669,1154
Latvia,Developed,Europe,2177322,1155
Latvia,Developed,Europe,22325,1156
Latvia,Developed,Europe,2218357,1157
Latvia,Developed,Europe,2238799,1158
Latvia,Developed,Europe,2263122,1159
Latvia,Developed,Europe,2287955,1160
Latvia,Developed,Europe,231173,1161
Latvia,Developed,Europe,233717,1162
Latvia,Developed,Europe,236755,1163
Lebanon,Developing,Asie,5851479,1164
Lebanon,Developing,Asie,563279,1165
Lebanon,Developing,Asie,527612,1166
Lebanon,Developing,Asie,491644,1167
Lebanon,Developing,Asie,4588368,1168
Lebanon,Developing,Asie,4337141,1169
Lebanon,Developing,Asie,4183156,1170
Lebanon,Developing,Asie,411147,1171
Lebanon,Developing,Asie,486466,1172
Lebanon,Developing,Asie,45735,1173
Lebanon,Developing,Asie,3986852,1174
Lebanon,Developing,Asie,3863267,1175
Lebanon,Developing,Asie,371464,1176
Lebanon,Developing,Asie,3522837,1177
Lebanon,Developing,Asie,3359859,1178
Lebanon,Developing,Asie,3235366,1179
Lesotho,Developing,Afrique,2174645,1180
Lesotho,Developing,Afrique,2145785,1181
Lesotho,Developing,Afrique,2117361,1182
Lesotho,Developing,Afrique,289928,1183
Lesotho,Developing,Afrique,264166,1184
Lesotho,Developing,Afrique,24551,1185
Lesotho,Developing,Afrique,21929,1186
Lesotho,Developing,Afrique,199993,1187
Lesotho,Developing,Afrique,1982287,1188
Lesotho,Developing,Afrique,1965662,1189
Lesotho,Developing,Afrique,1949543,1190
Lesotho,Developing,Afrique,1933728,1191
Lesotho,Developing,Afrique,191897,1192
Lesotho,Developing,Afrique,192312,1193
Lesotho,Developing,Afrique,1885955,1194
Lesotho,Developing,Afrique,1868699,1195
Liberia,Developing,Afrique,4499621,1196
Liberia,Developing,Afrique,439737,1197
Liberia,Developing,Afrique,4286291,1198
Liberia,Developing,Afrique,4181563,1199
Liberia,Developing,Afrique,47167,1200
Liberia,Developing,Afrique,3948125,1201
Liberia,Developing,Afrique,3811528,1202
Liberia,Developing,Afrique,3662993,1203
Liberia,Developing,Afrique,3512932,1204
Liberia,Developing,Afrique,3375838,1205
Liberia,Developing,Afrique,326123,1206
Liberia,Developing,Afrique,3176414,1207
Liberia,Developing,Afrique,3116233,1208
Liberia,Developing,Afrique,362863,1209
Liberia,Developing,Afrique,2991132,1210
Liberia,Developing,Afrique,2884522,1211
Libya,Developing,Afrique,1383743,1212
Lithuania,Developed,Europe,29491,1213
Lithuania,Developed,Europe,2932367,1214
Lithuania,Developed,Europe,2957689,1215
Lithuania,Developed,Europe,2987773,1216
Lithuania,Developed,Europe,328115,1217
Lithuania,Developed,Europe,397282,1218
Lithuania,Developed,Europe,3162916,1219
Lithuania,Developed,Europe,3198231,1220
Lithuania,Developed,Europe,3231294,1221
Lithuania,Developed,Europe,326999,1222
Lithuania,Developed,Europe,3322528,1223
Lithuania,Developed,Europe,337775,1224
Lithuania,Developed,Europe,3415213,1225
Lithuania,Developed,Europe,344367,1226
Lithuania,Developed,Europe,347818,1227
Lithuania,Developed,Europe,3499536,1228
Luxembourg,Developed,Europe,56964,1229
Luxembourg,Developed,Europe,556319,1230
Luxembourg,Developed,Europe,54336,1231
Luxembourg,Developed,Europe,53946,1232
Luxembourg,Developed,Europe,518347,1233
Luxembourg,Developed,Europe,56953,1234
Luxembourg,Developed,Europe,497783,1235
Luxembourg,Developed,Europe,48865,1236
Luxembourg,Developed,Europe,479993,1237
Luxembourg,Developed,Europe,472637,1238
Luxembourg,Developed,Europe,465158,1239
Luxembourg,Developed,Europe,45895,1240
Luxembourg,Developed,Europe,45163,1241
Luxembourg,Developed,Europe,446175,1242
Luxembourg,Developed,Europe,441525,1243
Luxembourg,Developed,Europe,4363,1244
Madagascar,Developing,Afrique,2423488,1245
Madagascar,Developing,Afrique,2358981,1246
Madagascar,Developing,Afrique,22961146,1247
Madagascar,Developing,Afrique,22346573,1248
Madagascar,Developing,Afrique,21743949,1249
Madagascar,Developing,Afrique,2115164,1250
Madagascar,Developing,Afrique,2569121,1251
Madagascar,Developing,Afrique,19996469,1252
Madagascar,Developing,Afrique,19433523,1253
Madagascar,Developing,Afrique,1888268,1254
Madagascar,Developing,Afrique,18336724,1255
Madagascar,Developing,Afrique,1782997,1256
Madagascar,Developing,Afrique,17279141,1257
Madagascar,Developing,Afrique,16765117,1258
Madagascar,Developing,Afrique,1626932,1259
Madagascar,Developing,Afrique,1576686,1260
Malawi,Developing,Afrique,1757367,1261
Malawi,Developing,Afrique,1768838,1262
Malawi,Developing,Afrique,16577147,1263
Malawi,Developing,Afrique,169735,1264
Malawi,Developing,Afrique,15627618,1265
Malawi,Developing,Afrique,1516795,1266
Malawi,Developing,Afrique,1471462,1267
Malawi,Developing,Afrique,14271234,1268
Malawi,Developing,Afrique,1384969,1269
Malawi,Developing,Afrique,13429262,1270
Malawi,Developing,Afrique,1339711,1271
Malawi,Developing,Afrique,1267638,1272
Malawi,Developing,Afrique,12336687,1273
Malawi,Developing,Afrique,1213711,1274
Malawi,Developing,Afrique,11695863,1275
Malawi,Developing,Afrique,11376172,1276
Malaysia,Developing,Asie,3723155,1277
Malaysia,Developing,Asie,322817,1278
Malaysia,Developing,Asie,2976724,1279
Malaysia,Developing,Asie,2917456,1280
Malaysia,Developing,Asie,28635128,1281
Malaysia,Developing,Asie,28112289,1282
Malaysia,Developing,Asie,2765383,1283
Malaysia,Developing,Asie,2711169,1284
Malaysia,Developing,Asie,26625845,1285
Malaysia,Developing,Asie,26143566,1286
Malaysia,Developing,Asie,25659393,1287
Malaysia,Developing,Asie,2517419,1288
Malaysia,Developing,Asie,2468873,1289
Malaysia,Developing,Asie,24198811,1290
Malaysia,Developing,Asie,2369897,1291
Malaysia,Developing,Asie,2318568,1292
Maldives,Developing,Asie,49163,1293
Maldives,Developing,Asie,41,1294
Maldives,Developing,Asie,393,1295
Maldives,Developing,Asie,385,1296
Maldives,Developing,Asie,377,1297
Maldives,Developing,Asie,367,1298
Maldives,Developing,Asie,36,1299
Maldives,Developing,Asie,362,1300
Maldives,Developing,Asie,349,1301
Maldives,Developing,Asie,333,1302
Maldives,Developing,Asie,321,1303
Maldives,Developing,Asie,312,1304
Maldives,Developing,Asie,34,1305
Maldives,Developing,Asie,297,1306
Maldives,Developing,Asie,292,1307
Maldives,Developing,Asie,286,1308
Mali,Developing,Afrique,1746795,1309
Mali,Developing,Afrique,16962846,1310
Mali,Developing,Afrique,16477818,1311
Mali,Developing,Afrique,16667,1312
Mali,Developing,Afrique,1554989,1313
Mali,Developing,Afrique,157585,1314
Mali,Developing,Afrique,1466597,1315
Mali,Developing,Afrique,14138216,1316
Mali,Developing,Afrique,1367566,1317
Mali,Developing,Afrique,1322764,1318
Mali,Developing,Afrique,12798763,1319
Mali,Developing,Afrique,1239196,1320
Mali,Developing,Afrique,125128,1321
Mali,Developing,Afrique,11638929,1322
Mali,Developing,Afrique,11293258,1323
Mali,Developing,Afrique,196769,1324
Malta,Developed,Europe,431874,1325
Malta,Developed,Europe,427364,1326
Malta,Developed,Europe,423374,1327
Malta,Developed,Europe,419455,1328
Malta,Developed,Europe,416268,1329
Malta,Developed,Europe,41458,1330
Malta,Developed,Europe,412477,1331
Malta,Developed,Europe,49379,1332
Malta,Developed,Europe,46724,1333
Malta,Developed,Europe,4538,1334
Malta,Developed,Europe,43834,1335
Malta,Developed,Europe,41268,1336
Malta,Developed,Europe,398582,1337
Malta,Developed,Europe,395969,1338
Malta,Developed,Europe,39328,1339
Malta,Developed,Europe,3987,1340
Mauritania,Developing,Afrique,4182341,1341
Mauritania,Developing,Afrique,46392,1342
Mauritania,Developing,Afrique,394617,1343
Mauritania,Developing,Afrique,383239,1344
Mauritania,Developing,Afrique,3717672,1345
Mauritania,Developing,Afrique,369543,1346
Mauritania,Developing,Afrique,356288,1347
Mauritania,Developing,Afrique,347541,1348
Mauritania,Developing,Afrique,3312665,1349
Mauritania,Developing,Afrique,322653,1350
Mauritania,Developing,Afrique,31372,1351
Mauritania,Developing,Afrique,342823,1352
Mauritania,Developing,Afrique,2957117,1353
Mauritania,Developing,Afrique,2873228,1354
Mauritania,Developing,Afrique,279729,1355
Mauritania,Developing,Afrique,279359,1356
Mauritius,Developing,Afrique,126265,1357
Mauritius,Developing,Afrique,126934,1358
Mauritius,Developing,Afrique,1258653,1359
Mauritius,Developing,Afrique,1255882,1360
Mauritius,Developing,Afrique,125244,1361
Mauritius,Developing,Afrique,1254,1362
Mauritius,Developing,Afrique,1247429,1363
Mauritius,Developing,Afrique,1244121,1364
Mauritius,Developing,Afrique,123963,1365
Mauritius,Developing,Afrique,1233996,1366
Mauritius,Developing,Afrique,1228254,1367
Mauritius,Developing,Afrique,12213,1368
Mauritius,Developing,Afrique,121337,1369
Mauritius,Developing,Afrique,124621,1370
Mauritius,Developing,Afrique,1196287,1371
Mauritius,Developing,Afrique,1186873,1372
Mexico,Developing,Amérique du Nord,12589949,1373
Mexico,Developing,Amérique du Nord,1242216,1374
Mexico,Developing,Amérique du Nord,122535969,1375
Mexico,Developing,Amérique du Nord,1282837,1376
Mexico,Developing,Amérique du Nord,119917,1377
Mexico,Developing,Amérique du Nord,117318941,1378
Mexico,Developing,Amérique du Nord,11555228,1379
Mexico,Developing,Amérique du Nord,11366189,1380
Mexico,Developing,Amérique du Nord,111836346,1381
Mexico,Developing,Amérique du Nord,1192378,1382
Mexico,Developing,Amérique du Nord,18472228,1383
Mexico,Developing,Amérique du Nord,16995583,1384
Mexico,Developing,Amérique du Nord,1564453,1385
Mexico,Developing,Amérique du Nord,1435568,1386
Mexico,Developing,Amérique du Nord,136768,1387
Mexico,Developing,Amérique du Nord,11719673,1388
Micronesia,Developing,Océanie,1383743,1389
Mongolia,Developing,Asie,2976877,1390
Mongolia,Developing,Asie,2923896,1391
Mongolia,Developing,Asie,286917,1392
Mongolia,Developing,Asie,2814226,1393
Mongolia,Developing,Asie,2761516,1394
Mongolia,Developing,Asie,271265,1395
Mongolia,Developing,Asie,2668289,1396
Mongolia,Developing,Asie,2628131,1397
Mongolia,Developing,Asie,259167,1398
Mongolia,Developing,Asie,255812,1399
Mongolia,Developing,Asie,2526446,1400
Mongolia,Developing,Asie,2496832,1401
Mongolia,Developing,Asie,2469286,1402
Mongolia,Developing,Asie,2443659,1403
Mongolia,Developing,Asie,2419776,1404
Mongolia,Developing,Asie,2397436,1405
Montenegro,Developing,Europe,622159,1406
Montenegro,Developing,Europe,62181,1407
Montenegro,Developing,Europe,62127,1408
Montenegro,Developing,Europe,6261,1409
Montenegro,Developing,Europe,6279,1410
Montenegro,Developing,Europe,619428,1411
Montenegro,Developing,Europe,618294,1412
Montenegro,Developing,Europe,616969,1413
Montenegro,Developing,Europe,615875,1414
Montenegro,Developing,Europe,61525,1415
Montenegro,Developing,Europe,614261,1416
Montenegro,Developing,Europe,613353,1417
Montenegro,Developing,Europe,612267,1418
Montenegro,Developing,Europe,69828,1419
Montenegro,Developing,Europe,67389,1420
Montenegro,Developing,Europe,6495,1421
Morocco,Developing,Afrique,3483322,1422
Morocco,Developing,Afrique,3431882,1423
Morocco,Developing,Afrique,33824769,1424
Morocco,Developing,Afrique,33333789,1425
Morocco,Developing,Afrique,32858823,1426
Morocco,Developing,Afrique,3249639,1427
Morocco,Developing,Afrique,31989897,1428
Morocco,Developing,Afrique,31596855,1429
Morocco,Developing,Afrique,31225881,1430
Morocco,Developing,Afrique,3869346,1431
Morocco,Developing,Afrique,35217,1432
Morocco,Developing,Afrique,3179285,1433
Morocco,Developing,Afrique,29843937,1434
Morocco,Developing,Afrique,29512368,1435
Morocco,Developing,Afrique,29181832,1436
Morocco,Developing,Afrique,28849621,1437
Mozambique,Developing,Afrique,281691,1438
Mozambique,Developing,Afrique,27212382,1439
Mozambique,Developing,Afrique,26434372,1440
Mozambique,Developing,Afrique,2567666,1441
Mozambique,Developing,Afrique,249395,1442
Mozambique,Developing,Afrique,2422145,1443
Mozambique,Developing,Afrique,2352463,1444
Mozambique,Developing,Afrique,22846758,1445
Mozambique,Developing,Afrique,22188387,1446
Mozambique,Developing,Afrique,21547463,1447
Mozambique,Developing,Afrique,29237,1448
Mozambique,Developing,Afrique,231275,1449
Mozambique,Developing,Afrique,19716598,1450
Mozambique,Developing,Afrique,19139658,1451
Mozambique,Developing,Afrique,18588758,1452
Mozambique,Developing,Afrique,1867687,1453
Myanmar,Developing,Asie,5243669,1454
Myanmar,Developing,Asie,51924182,1455
Myanmar,Developing,Asie,51448196,1456
Myanmar,Developing,Asie,5986514,1457
Myanmar,Developing,Asie,555331,1458
Myanmar,Developing,Asie,5155896,1459
Myanmar,Developing,Asie,49869,1460
Myanmar,Developing,Asie,49479752,1461
Myanmar,Developing,Asie,49171586,1462
Myanmar,Developing,Asie,48846474,1463
Myanmar,Developing,Asie,48482614,1464
Myanmar,Developing,Asie,487377,1465
Myanmar,Developing,Asie,47624894,1466
Myanmar,Developing,Asie,471422,1467
Myanmar,Developing,Asie,46627994,1468
Myanmar,Developing,Asie,4695462,1469
Namibia,Developing,Afrique,2425561,1470
Namibia,Developing,Afrique,237992,1471
Namibia,Developing,Afrique,231652,1472
Namibia,Developing,Afrique,2263934,1473
Namibia,Developing,Afrique,2215621,1474
Namibia,Developing,Afrique,217317,1475
Namibia,Developing,Afrique,21374,1476
Namibia,Developing,Afrique,216375,1477
Namibia,Developing,Afrique,279915,1478
Namibia,Developing,Afrique,255734,1479
Namibia,Developing,Afrique,232196,1480
Namibia,Developing,Afrique,29228,1481
Namibia,Developing,Afrique,1986535,1482
Namibia,Developing,Afrique,1962147,1483
Namibia,Developing,Afrique,1933596,1484
Namibia,Developing,Afrique,1899257,1485
Nepal,Developing,Asie,28656282,1486
Nepal,Developing,Asie,28323241,1487
Nepal,Developing,Asie,2798531,1488
Nepal,Developing,Asie,27649925,1489
Nepal,Developing,Asie,27327147,1490
Nepal,Developing,Asie,2723137,1491
Nepal,Developing,Asie,2674113,1492
Nepal,Developing,Asie,26475859,1493
Nepal,Developing,Asie,26214847,1494
Nepal,Developing,Asie,2594618,1495
Nepal,Developing,Asie,2564287,1496
Nepal,Developing,Asie,2539449,1497
Nepal,Developing,Asie,2495623,1498
Nepal,Developing,Asie,24566342,1499
Nepal,Developing,Asie,24161777,1500
Nepal,Developing,Asie,2374911,1501
Netherlands,Developed,Europe,16939923,1502
Netherlands,Developed,Europe,168658,1503
Netherlands,Developed,Europe,1684432,1504
Netherlands,Developed,Europe,16754962,1505
Netherlands,Developed,Europe,1669374,1506
Netherlands,Developed,Europe,16615394,1507
Netherlands,Developed,Europe,1653388,1508
Netherlands,Developed,Europe,16445593,1509
Netherlands,Developed,Europe,16381696,1510
Netherlands,Developed,Europe,1634611,1511
Netherlands,Developed,Europe,16319868,1512
Netherlands,Developed,Europe,16281779,1513
Netherlands,Developed,Europe,1622532,1514
Netherlands,Developed,Europe,16148929,1515
Netherlands,Developed,Europe,164618,1516
Netherlands,Developed,Europe,15925513,1517
New Zealand,Developed,Océanie,1383743,1518
Nicaragua,Developing,Amérique du Nord,68235,1519
Nicaragua,Developing,Amérique du Nord,613997,1520
Nicaragua,Developing,Amérique du Nord,5945747,1521
Nicaragua,Developing,Amérique du Nord,587718,1522
Nicaragua,Developing,Amérique du Nord,58782,1523
Nicaragua,Developing,Amérique du Nord,5737723,1524
Nicaragua,Developing,Amérique du Nord,5666581,1525
Nicaragua,Developing,Amérique du Nord,559456,1526
Nicaragua,Developing,Amérique du Nord,552216,1527
Nicaragua,Developing,Amérique du Nord,545211,1528
Nicaragua,Developing,Amérique du Nord,5379328,1529
Nicaragua,Developing,Amérique du Nord,53973,1530
Nicaragua,Developing,Amérique du Nord,524879,1531
Nicaragua,Developing,Amérique du Nord,5171734,1532
Nicaragua,Developing,Amérique du Nord,5175,1533
Nicaragua,Developing,Amérique du Nord,526796,1534
Niger,Developing,Afrique,19896965,1535
Niger,Developing,Afrique,19148219,1536
Niger,Developing,Afrique,18426372,1537
Niger,Developing,Afrique,17731634,1538
Niger,Developing,Afrique,1764636,1539
Niger,Developing,Afrique,16425578,1540
Niger,Developing,Afrique,15813913,1541
Niger,Developing,Afrique,15228525,1542
Niger,Developing,Afrique,14668338,1543
Niger,Developing,Afrique,1413264,1544
Niger,Developing,Afrique,13618449,1545
Niger,Developing,Afrique,1312712,1546
Niger,Developing,Afrique,1265687,1547
Niger,Developing,Afrique,12262,1548
Niger,Developing,Afrique,11771976,1549
Niger,Developing,Afrique,11352973,1550
Nigeria,Developing,Afrique,181181744,1551
Nigeria,Developing,Afrique,1764652,1552
Nigeria,Developing,Afrique,17182933,1553
Nigeria,Developing,Afrique,167297284,1554
Nigeria,Developing,Afrique,16287776,1555
Nigeria,Developing,Afrique,158578261,1556
Nigeria,Developing,Afrique,15442181,1557
Nigeria,Developing,Afrique,1534739,1558
Nigeria,Developing,Afrique,14641724,1559
Nigeria,Developing,Afrique,14261494,1560
Nigeria,Developing,Afrique,138939478,1561
Nigeria,Developing,Afrique,135393616,1562
Nigeria,Developing,Afrique,131972533,1563
Nigeria,Developing,Afrique,12866671,1564
Nigeria,Developing,Afrique,125463434,1565
Nigeria,Developing,Afrique,1223529,1566
Norway,Developed,Europe,518867,1567
Norway,Developed,Europe,5137232,1568
Norway,Developed,Europe,579623,1569
Norway,Developed,Europe,518573,1570
Norway,Developed,Europe,495388,1571
Norway,Developed,Europe,4889252,1572
Norway,Developed,Europe,4828726,1573
Norway,Developed,Europe,4768212,1574
Norway,Developed,Europe,479153,1575
Norway,Developed,Europe,466677,1576
Norway,Developed,Europe,4623291,1577
Norway,Developed,Europe,459191,1578
Norway,Developed,Europe,4564855,1579
Norway,Developed,Europe,4538159,1580
Norway,Developed,Europe,4513751,1581
Norway,Developed,Europe,449967,1582
Oman,Developing,Asie,1383743,1583
Pakistan,Developing,Asie,18938513,1584
Pakistan,Developing,Asie,185546257,1585
Pakistan,Developing,Asie,181712595,1586
Pakistan,Developing,Asie,177911533,1587
Pakistan,Developing,Asie,174184265,1588
Pakistan,Developing,Asie,1756182,1589
Pakistan,Developing,Asie,1674958,1590
Pakistan,Developing,Asie,16364463,1591
Pakistan,Developing,Asie,16332974,1592
Pakistan,Developing,Asie,15793993,1593
Pakistan,Developing,Asie,15399667,1594
Pakistan,Developing,Asie,15783,1595
Pakistan,Developing,Asie,1477341,1596
Pakistan,Developing,Asie,144654143,1597
Pakistan,Developing,Asie,14161437,1598
Pakistan,Developing,Asie,138523285,1599
Panama,Developing,Amérique du Nord,3969249,1600
Panama,Developing,Amérique du Nord,393986,1601
Panama,Developing,Amérique du Nord,3838462,1602
Panama,Developing,Amérique du Nord,3772938,1603
Panama,Developing,Amérique du Nord,377782,1604
Panama,Developing,Amérique du Nord,3643222,1605
Panama,Developing,Amérique du Nord,3579385,1606
Panama,Developing,Amérique du Nord,3516268,1607
Panama,Developing,Amérique du Nord,345387,1608
Panama,Developing,Amérique du Nord,339195,1609
Panama,Developing,Amérique du Nord,333465,1610
Panama,Developing,Amérique du Nord,3269541,1611
Panama,Developing,Amérique du Nord,329174,1612
Panama,Developing,Amérique du Nord,3149265,1613
Panama,Developing,Amérique du Nord,389684,1614
Panama,Developing,Amérique du Nord,33347,1615
Papua New Guinea,Developing,Océanie,7919825,1616
Papua New Guinea,Developing,Océanie,7755785,1617
Papua New Guinea,Developing,Océanie,7592865,1618
Papua New Guinea,Developing,Océanie,743836,1619
Papua New Guinea,Developing,Océanie,7269348,1620
Papua New Guinea,Developing,Océanie,718239,1621
Papua New Guinea,Developing,Océanie,6947447,1622
Papua New Guinea,Developing,Océanie,6787187,1623
Papua New Guinea,Developing,Océanie,6627922,1624
Papua New Guinea,Developing,Océanie,647272,1625
Papua New Guinea,Developing,Océanie,631479,1626
Papua New Guinea,Developing,Océanie,6161517,1627
Papua New Guinea,Developing,Océanie,61724,1628
Papua New Guinea,Developing,Océanie,5862316,1629
Papua New Guinea,Developing,Océanie,5716152,1630
Papua New Guinea,Developing,Océanie,5572222,1631
Paraguay,Developing,Amérique du Sud,6639119,1632
Paraguay,Developing,Amérique du Sud,6552584,1633
Paraguay,Developing,Amérique du Sud,646574,1634
Paraguay,Developing,Amérique du Sud,6379219,1635
Paraguay,Developing,Amérique du Sud,6293783,1636
Paraguay,Developing,Amérique du Sud,629877,1637
Paraguay,Developing,Amérique du Sud,6127837,1638
Paraguay,Developing,Amérique du Sud,647117,1639
Paraguay,Developing,Amérique du Sud,5966159,1640
Paraguay,Developing,Amérique du Sud,5882796,1641
Paraguay,Developing,Amérique du Sud,5795494,1642
Paraguay,Developing,Amérique du Sud,57374,1643
Paraguay,Developing,Amérique du Sud,56795,1644
Paraguay,Developing,Amérique du Sud,558611,1645
Paraguay,Developing,Amérique du Sud,546624,1646
Paraguay,Developing,Amérique du Sud,5327,1647
Peru,Developing,Amérique du Sud,31376671,1648
Peru,Developing,Amérique du Sud,3973354,1649
Peru,Developing,Amérique du Sud,3565716,1650
Peru,Developing,Amérique du Sud,3158966,1651
Peru,Developing,Amérique du Sud,29759989,1652
Peru,Developing,Amérique du Sud,29373646,1653
Peru,Developing,Amérique du Sud,29157,1654
Peru,Developing,Amérique du Sud,2864198,1655
Peru,Developing,Amérique du Sud,28292724,1656
Peru,Developing,Amérique du Sud,27949944,1657
Peru,Developing,Amérique du Sud,276141,1658
Peru,Developing,Amérique du Sud,27273194,1659
Peru,Developing,Amérique du Sud,26937738,1660
Peru,Developing,Amérique du Sud,2661467,1661
Peru,Developing,Amérique du Sud,26261363,1662
Peru,Developing,Amérique du Sud,25914879,1663
Philippines,Developing,Asie,11716359,1664
Philippines,Developing,Asie,112249,1665
Philippines,Developing,Asie,9848132,1666
Philippines,Developing,Asie,96866642,1667
Philippines,Developing,Asie,9527794,1668
Philippines,Developing,Asie,93726624,1669
Philippines,Developing,Asie,9222879,1670
Philippines,Developing,Asie,9751864,1671
Philippines,Developing,Asie,8929349,1672
Philippines,Developing,Asie,8789419,1673
Philippines,Developing,Asie,86274237,1674
Philippines,Developing,Asie,84678493,1675
Philippines,Developing,Asie,8331954,1676
Philippines,Developing,Asie,813526,1677
Philippines,Developing,Asie,79665315,1678
Philippines,Developing,Asie,77991569,1679
Poland,Developed,Europe,37986412,1680
Poland,Developed,Europe,3811735,1681
Poland,Developed,Europe,384196,1682
Poland,Developed,Europe,3863164,1683
Poland,Developed,Europe,3863255,1684
Poland,Developed,Europe,3842794,1685
Poland,Developed,Europe,3815163,1686
Poland,Developed,Europe,38125759,1687
Poland,Developed,Europe,381256,1688
Poland,Developed,Europe,38141267,1689
Poland,Developed,Europe,38165445,1690
Poland,Developed,Europe,38182222,1691
Poland,Developed,Europe,382457,1692
Poland,Developed,Europe,3823364,1693
Poland,Developed,Europe,3824876,1694
Poland,Developed,Europe,38258629,1695
Portugal,Developed,Europe,135876,1696
Portugal,Developed,Europe,14162,1697
Portugal,Developed,Europe,1457295,1698
Portugal,Developed,Europe,1514844,1699
Portugal,Developed,Europe,155756,1700
Portugal,Developed,Europe,15731,1701
Portugal,Developed,Europe,1568247,1702
Portugal,Developed,Europe,1558177,1703
Portugal,Developed,Europe,1542964,1704
Portugal,Developed,Europe,1522288,1705
Portugal,Developed,Europe,15333,1706
Portugal,Developed,Europe,1483861,1707
Portugal,Developed,Europe,1458821,1708
Portugal,Developed,Europe,1419631,1709
Portugal,Developed,Europe,1362722,1710
Portugal,Developed,Europe,1289898,1711
Qatar,Developing,Asie,1383743,1712
South Korea,Developing,Asie,1383743,1713
Republic of Moldova,Developing,Europe,1383743,1714
Romania,Developed,Europe,19815481,1715
Romania,Developed,Europe,1998979,1716
Romania,Developed,Europe,19983693,1717
Romania,Developed,Europe,25835,1718
Romania,Developed,Europe,2147528,1719
Romania,Developed,Europe,2246871,1720
Romania,Developed,Europe,2367487,1721
Romania,Developed,Europe,2537875,1722
Romania,Developed,Europe,2882982,1723
Romania,Developed,Europe,2119376,1724
Romania,Developed,Europe,21319685,1725
Romania,Developed,Europe,21451748,1726
Romania,Developed,Europe,21574326,1727
Romania,Developed,Europe,2173496,1728
Romania,Developed,Europe,2213197,1729
Romania,Developed,Europe,22442971,1730
Russian Federation,Developing,Europe,1449687,1731
Russian Federation,Developing,Europe,143819666,1732
Russian Federation,Developing,Europe,14356911,1733
Russian Federation,Developing,Europe,14321676,1734
Russian Federation,Developing,Europe,14296868,1735
Russian Federation,Developing,Europe,142849449,1736
Russian Federation,Developing,Europe,142785342,1737
Russian Federation,Developing,Europe,14274235,1738
Russian Federation,Developing,Europe,1428588,1739
Russian Federation,Developing,Europe,14349528,1740
Russian Federation,Developing,Europe,143518523,1741
Russian Federation,Developing,Europe,1446754,1742
Russian Federation,Developing,Europe,144648257,1743
Russian Federation,Developing,Europe,1453646,1744
Russian Federation,Developing,Europe,14597683,1745
Russian Federation,Developing,Europe,146596557,1746
Rwanda,Developing,Afrique,11629553,1747
Rwanda,Developing,Afrique,11345357,1748
Rwanda,Developing,Afrique,1165151,1749
Rwanda,Developing,Afrique,1788853,1750
Rwanda,Developing,Afrique,151671,1751
Rwanda,Developing,Afrique,1246842,1752
Rwanda,Developing,Afrique,9977446,1753
Rwanda,Developing,Afrique,978169,1754
Rwanda,Developing,Afrique,944742,1755
Rwanda,Developing,Afrique,92658,1756
Rwanda,Developing,Afrique,8991735,1757
Rwanda,Developing,Afrique,8818438,1758
Rwanda,Developing,Afrique,868346,1759
Rwanda,Developing,Afrique,853625,1760
Rwanda,Developing,Afrique,832946,1761
Rwanda,Developing,Afrique,82573,1762
Saint Lucia,Developing,Amérique du Nord,1383743,1763
Saint Vincent and the Grenadines,Developing,Amérique du Nord,1383743,1764
Samoa,Developing,Océanie,193759,1765
Samoa,Developing,Océanie,19229,1766
Samoa,Developing,Océanie,19757,1767
Samoa,Developing,Océanie,189194,1768
Samoa,Developing,Océanie,187665,1769
Samoa,Developing,Océanie,18625,1770
Samoa,Developing,Océanie,184826,1771
Samoa,Developing,Océanie,183526,1772
Samoa,Developing,Océanie,182286,1773
Samoa,Developing,Océanie,18194,1774
Samoa,Developing,Océanie,179929,1775
Samoa,Developing,Océanie,178781,1776
Samoa,Developing,Océanie,177662,1777
Samoa,Developing,Océanie,176582,1778
Samoa,Developing,Océanie,175566,1779
Samoa,Developing,Océanie,17461,1780
Sao Tome and Principe,Developing,Afrique,195553,1781
Sao Tome and Principe,Developing,Afrique,191266,1782
Sao Tome and Principe,Developing,Afrique,18745,1783
Sao Tome and Principe,Developing,Afrique,182889,1784
Sao Tome and Principe,Developing,Afrique,1788,1785
Sao Tome and Principe,Developing,Afrique,174776,1786
Sao Tome and Principe,Developing,Afrique,17813,1787
Sao Tome and Principe,Developing,Afrique,166913,1788
Sao Tome and Principe,Developing,Afrique,16311,1789
Sao Tome and Principe,Developing,Afrique,159328,1790
Sao Tome and Principe,Developing,Afrique,15563,1791
Sao Tome and Principe,Developing,Afrique,151969,1792
Sao Tome and Principe,Developing,Afrique,148372,1793
Sao Tome and Principe,Developing,Afrique,144889,1794
Sao Tome and Principe,Developing,Afrique,141622,1795
Sao Tome and Principe,Developing,Afrique,13866,1796
Saudi Arabia,Developing,Asie,1383743,1797
Senegal,Developing,Afrique,14976994,1798
Senegal,Developing,Afrique,14546111,1799
Senegal,Developing,Afrique,141232,1800
Senegal,Developing,Afrique,1373513,1801
Senegal,Developing,Afrique,13391,1802
Senegal,Developing,Afrique,12916229,1803
Senegal,Developing,Afrique,1255917,1804
Senegal,Developing,Afrique,1223957,1805
Senegal,Developing,Afrique,11873557,1806
Senegal,Developing,Afrique,11556763,1807
Senegal,Developing,Afrique,11251266,1808
Senegal,Developing,Afrique,1955944,1809
Senegal,Developing,Afrique,16799,1810
Senegal,Developing,Afrique,1396861,1811
Senegal,Developing,Afrique,1134497,1812
Senegal,Developing,Afrique,988452,1813
Serbia,Developing,Europe,795383,1814
Serbia,Developing,Europe,713576,1815
Serbia,Developing,Europe,7164132,1816
Serbia,Developing,Europe,719977,1817
Serbia,Developing,Europe,723499,1818
Serbia,Developing,Europe,7291436,1819
Serbia,Developing,Europe,73287,1820
Serbia,Developing,Europe,735222,1821
Serbia,Developing,Europe,7381579,1822
Serbia,Developing,Europe,7411569,1823
Serbia,Developing,Europe,744769,1824
Serbia,Developing,Europe,7463157,1825
Serbia,Developing,Europe,748591,1826
Serbia,Developing,Europe,7496522,1827
Serbia,Developing,Europe,753433,1828
Serbia,Developing,Europe,7516346,1829
Seychelles,Developing,Afrique,93419,1830
Seychelles,Developing,Afrique,91359,1831
Seychelles,Developing,Afrique,89949,1832
Seychelles,Developing,Afrique,8833,1833
Seychelles,Developing,Afrique,87441,1834
Seychelles,Developing,Afrique,8977,1835
Seychelles,Developing,Afrique,87298,1836
Seychelles,Developing,Afrique,86956,1837
Seychelles,Developing,Afrique,8533,1838
Seychelles,Developing,Afrique,846,1839
Seychelles,Developing,Afrique,82858,1840
Seychelles,Developing,Afrique,82475,1841
Seychelles,Developing,Afrique,82781,1842
Seychelles,Developing,Afrique,83723,1843
Seychelles,Developing,Afrique,8122,1844
Seychelles,Developing,Afrique,81131,1845
Sierra Leone,Developing,Afrique,723725,1846
Sierra Leone,Developing,Afrique,779162,1847
Sierra Leone,Developing,Afrique,692279,1848
Sierra Leone,Developing,Afrique,676613,1849
Sierra Leone,Developing,Afrique,6611692,1850
Sierra Leone,Developing,Afrique,645872,1851
Sierra Leone,Developing,Afrique,63126,1852
Sierra Leone,Developing,Afrique,6165372,1853
Sierra Leone,Developing,Afrique,615417,1854
Sierra Leone,Developing,Afrique,5848692,1855
Sierra Leone,Developing,Afrique,5658379,1856
Sierra Leone,Developing,Afrique,5439695,1857
Sierra Leone,Developing,Afrique,5199549,1858
Sierra Leone,Developing,Afrique,4957216,1859
Sierra Leone,Developing,Afrique,4739147,1860
Sierra Leone,Developing,Afrique,4564297,1861
Singapore,Developed,Asie,1383743,1862
Slovakia,Developed,Europe,1383743,1863
Slovenia,Developed,Europe,263531,1864
Slovenia,Developed,Europe,26198,1865
Slovenia,Developed,Europe,259953,1866
Slovenia,Developed,Europe,257159,1867
Slovenia,Developed,Europe,252843,1868
Slovenia,Developed,Europe,248583,1869
Slovenia,Developed,Europe,239669,1870
Slovenia,Developed,Europe,221316,1871
Slovenia,Developed,Europe,218122,1872
Slovenia,Developed,Europe,26868,1873
Slovenia,Developed,Europe,2474,1874
Slovenia,Developed,Europe,199712,1875
Slovenia,Developed,Europe,1995733,1876
Slovenia,Developed,Europe,199453,1877
Slovenia,Developed,Europe,19926,1878
Slovenia,Developed,Europe,1988925,1879
Solomon Islands,Developing,Océanie,587482,1880
Solomon Islands,Developing,Océanie,57554,1881
Solomon Islands,Developing,Océanie,563513,1882
Solomon Islands,Developing,Océanie,551531,1883
Solomon Islands,Developing,Océanie,539614,1884
Solomon Islands,Developing,Océanie,52779,1885
Solomon Islands,Developing,Océanie,51679,1886
Solomon Islands,Developing,Océanie,54477,1887
Solomon Islands,Developing,Océanie,49294,1888
Solomon Islands,Developing,Océanie,481422,1889
Solomon Islands,Developing,Océanie,469885,1890
Solomon Islands,Developing,Océanie,458324,1891
Solomon Islands,Developing,Océanie,446769,1892
Solomon Islands,Developing,Océanie,435262,1893
Solomon Islands,Developing,Océanie,423853,1894
Solomon Islands,Developing,Océanie,41269,1895
Somalia,Developing,Afrique,1383743,1896
South Africa,Developing,Afrique,5511977,1897
South Africa,Developing,Afrique,54146735,1898
South Africa,Developing,Afrique,53311956,1899
South Africa,Developing,Afrique,5256516,1900
South Africa,Developing,Afrique,51729345,1901
South Africa,Developing,Afrique,5979432,1902
South Africa,Developing,Afrique,5255813,1903
South Africa,Developing,Afrique,49557573,1904
South Africa,Developing,Afrique,48883845,1905
South Africa,Developing,Afrique,4823384,1906
South Africa,Developing,Afrique,476667,1907
South Africa,Developing,Afrique,4718,1908
South Africa,Developing,Afrique,46418194,1909
South Africa,Developing,Afrique,45855483,1910
South Africa,Developing,Afrique,45312937,1911
South Africa,Developing,Afrique,44896856,1912
Sudan,Developing,Afrique,11882136,1913
Sudan,Developing,Afrique,1153971,1914
Sudan,Developing,Afrique,1117749,1915
Sudan,Developing,Afrique,1818258,1916
Sudan,Developing,Afrique,1448857,1917
Sudan,Developing,Afrique,167192,1918
Sudan,Developing,Afrique,967667,1919
Sudan,Developing,Afrique,9263136,1920
Sudan,Developing,Afrique,88568,1921
Sudan,Developing,Afrique,8468152,1922
Sudan,Developing,Afrique,818877,1923
Sudan,Developing,Afrique,7787655,1924
Sudan,Developing,Afrique,751642,1925
Sudan,Developing,Afrique,7237276,1926
Sudan,Developing,Afrique,6974442,1927
Sudan,Developing,Afrique,67656,1928
Spain,Developed,Europe,46447697,1929
Spain,Developed,Europe,4648882,1930
Spain,Developed,Europe,466245,1931
Spain,Developed,Europe,4677355,1932
Spain,Developed,Europe,46742697,1933
Spain,Developed,Europe,46576897,1934
Spain,Developed,Europe,46362946,1935
Spain,Developed,Europe,4595416,1936
Spain,Developed,Europe,4522683,1937
Spain,Developed,Europe,44397319,1938
Spain,Developed,Europe,43653155,1939
Spain,Developed,Europe,42921895,1940
Spain,Developed,Europe,42187645,1941
Spain,Developed,Europe,41431558,1942
Spain,Developed,Europe,485412,1943
Spain,Developed,Europe,4567864,1944
Sri Lanka,Developing,Asie,2966,1945
Sri Lanka,Developing,Asie,2771,1946
Sri Lanka,Developing,Asie,2585,1947
Sri Lanka,Developing,Asie,2425,1948
Sri Lanka,Developing,Asie,2271,1949
Sri Lanka,Developing,Asie,2119,1950
Sri Lanka,Developing,Asie,19968,1951
Sri Lanka,Developing,Asie,19817,1952
Sri Lanka,Developing,Asie,19668,1953
Sri Lanka,Developing,Asie,1952,1954
Sri Lanka,Developing,Asie,19373,1955
Sri Lanka,Developing,Asie,19228,1956
Sri Lanka,Developing,Asie,1983,1957
Sri Lanka,Developing,Asie,18939,1958
Sri Lanka,Developing,Asie,18797,1959
Sri Lanka,Developing,Asie,18655,1960
Sudan,Developing,Afrique,3864783,1961
Sudan,Developing,Afrique,37737913,1962
Sudan,Developing,Afrique,36849918,1963
Sudan,Developing,Afrique,3599192,1964
Sudan,Developing,Afrique,35167314,1965
Sudan,Developing,Afrique,34385963,1966
Sudan,Developing,Afrique,3365619,1967
Sudan,Developing,Afrique,32955496,1968
Sudan,Developing,Afrique,32282526,1969
Sudan,Developing,Afrique,316764,1970
Sudan,Developing,Afrique,3911914,1971
Sudan,Developing,Afrique,3186341,1972
Sudan,Developing,Afrique,29435944,1973
Sudan,Developing,Afrique,28679565,1974
Sudan,Developing,Afrique,279455,1975
Sudan,Developing,Afrique,2725535,1976
Suriname,Developing,Amérique du Sud,55328,1977
Suriname,Developing,Amérique du Sud,547928,1978
Suriname,Developing,Amérique du Sud,54254,1979
Suriname,Developing,Amérique du Sud,53777,1980
Suriname,Developing,Amérique du Sud,531589,1981
Suriname,Developing,Amérique du Sud,52613,1982
Suriname,Developing,Amérique du Sud,52619,1983
Suriname,Developing,Amérique du Sud,515148,1984
Suriname,Developing,Amérique du Sud,5975,1985
Suriname,Developing,Amérique du Sud,5437,1986
Suriname,Developing,Amérique du Sud,498946,1987
Suriname,Developing,Amérique du Sud,49363,1988
Suriname,Developing,Amérique du Sud,488332,1989
Suriname,Developing,Amérique du Sud,48344,1990
Suriname,Developing,Amérique du Sud,47774,1991
Suriname,Developing,Amérique du Sud,47239,1992
Swaziland,Developing,Afrique,131911,1993
Swaziland,Developing,Afrique,129597,1994
Swaziland,Developing,Afrique,1271456,1995
Swaziland,Developing,Afrique,1248158,1996
Swaziland,Developing,Afrique,1225258,1997
Swaziland,Developing,Afrique,122843,1998
Swaziland,Developing,Afrique,118675,1999
Swaziland,Developing,Afrique,1158897,2000
Swaziland,Developing,Afrique,1138434,2001
Swaziland,Developing,Afrique,112514,2002
Swaziland,Developing,Afrique,115873,2003
Swaziland,Developing,Afrique,19553,2004
Swaziland,Developing,Afrique,187392,2005
Swaziland,Developing,Afrique,1893,2006
Swaziland,Developing,Afrique,172927,2007
Swaziland,Developing,Afrique,161468,2008
Sweden,Developed,Europe,9799186,2009
Sweden,Developed,Europe,969611,2010
Sweden,Developed,Europe,96379,2011
Sweden,Developed,Europe,9519374,2012
Sweden,Developed,Europe,9449213,2013
Sweden,Developed,Europe,9378126,2014
Sweden,Developed,Europe,9298515,2015
Sweden,Developed,Europe,9219637,2016
Sweden,Developed,Europe,914892,2017
Sweden,Developed,Europe,9855,2018
Sweden,Developed,Europe,929572,2019
Sweden,Developed,Europe,8993531,2020
Sweden,Developed,Europe,8958229,2021
Sweden,Developed,Europe,8924958,2022
Sweden,Developed,Europe,889596,2023
Sweden,Developed,Europe,887219,2024
Switzerland,Developed,Europe,8282396,2025
Switzerland,Developed,Europe,8188649,2026
Switzerland,Developed,Europe,889346,2027
Switzerland,Developed,Europe,7996861,2028
Switzerland,Developed,Europe,7912398,2029
Switzerland,Developed,Europe,782499,2030
Switzerland,Developed,Europe,7743831,2031
Switzerland,Developed,Europe,7647675,2032
Switzerland,Developed,Europe,7551117,2033
Switzerland,Developed,Europe,7483934,2034
Switzerland,Developed,Europe,7437115,2035
Switzerland,Developed,Europe,7389625,2036
Switzerland,Developed,Europe,73391,2037
Switzerland,Developed,Europe,7284753,2038
Switzerland,Developed,Europe,7229854,2039
Switzerland,Developed,Europe,718425,2040
Syria,Developing,Asie,18734987,2041
Syria,Developing,Asie,19239,2042
Syria,Developing,Asie,1989141,2043
Syria,Developing,Asie,24271,2044
Syria,Developing,Asie,2863993,2045
Syria,Developing,Asie,2118834,2046
Syria,Developing,Asie,2824893,2047
Syria,Developing,Asie,2325443,2048
Syria,Developing,Asie,1963286,2049
Syria,Developing,Asie,18914977,2050
Syria,Developing,Asie,18294611,2051
Syria,Developing,Asie,1786638,2052
Syria,Developing,Asie,17415266,2053
Syria,Developing,Asie,178791,2054
Syria,Developing,Asie,16766899,2055
Syria,Developing,Asie,1641848,2056
Tajikistan,Developing,Asie,8548651,2057
Tajikistan,Developing,Asie,8362745,2058
Tajikistan,Developing,Asie,817789,2059
Tajikistan,Developing,Asie,799562,2060
Tajikistan,Developing,Asie,7815949,2061
Tajikistan,Developing,Asie,764163,2062
Tajikistan,Developing,Asie,7472819,2063
Tajikistan,Developing,Asie,739728,2064
Tajikistan,Developing,Asie,7152385,2065
Tajikistan,Developing,Asie,7557,2066
Tajikistan,Developing,Asie,6854176,2067
Tajikistan,Developing,Asie,6712841,2068
Tajikistan,Developing,Asie,6576877,2069
Tajikistan,Developing,Asie,6447688,2070
Tajikistan,Developing,Asie,6327125,2071
Tajikistan,Developing,Asie,621625,2072
Thailand,Developing,Asie,686576,2073
Thailand,Developing,Asie,68416772,2074
Thailand,Developing,Asie,6814365,2075
Thailand,Developing,Asie,67843979,2076
Thailand,Developing,Asie,675313,2077
Thailand,Developing,Asie,672888,2078
Thailand,Developing,Asie,66881867,2079
Thailand,Developing,Asie,6654576,2080
Thailand,Developing,Asie,66195615,2081
Thailand,Developing,Asie,65824164,2082
Thailand,Developing,Asie,6542547,2083
Thailand,Developing,Asie,652231,2084
Thailand,Developing,Asie,64554952,2085
Thailand,Developing,Asie,6473164,2086
Thailand,Developing,Asie,63543322,2087
Thailand,Developing,Asie,6295821,2088
North Macedonia,Developing,Europe,1383743,2089
Timor-Leste,Developing,Autre,124977,2090
Timor-Leste,Developing,Autre,1212814,2091
Timor-Leste,Developing,Autre,1184366,2092
Timor-Leste,Developing,Autre,115676,2093
Timor-Leste,Developing,Autre,1131523,2094
Timor-Leste,Developing,Autre,119591,2095
Timor-Leste,Developing,Autre,19221,2096
Timor-Leste,Developing,Autre,17811,2097
Timor-Leste,Developing,Autre,164973,2098
Timor-Leste,Developing,Autre,148621,2099
Timor-Leste,Developing,Autre,126484,2100
Timor-Leste,Developing,Autre,996698,2101
Timor-Leste,Developing,Autre,96852,2102
Timor-Leste,Developing,Autre,923825,2103
Timor-Leste,Developing,Autre,892531,2104
Timor-Leste,Developing,Autre,87167,2105
Togo,Developing,Afrique,741682,2106
Togo,Developing,Afrique,7228915,2107
Togo,Developing,Afrique,742948,2108
Togo,Developing,Afrique,6859482,2109
Togo,Developing,Afrique,6679282,2110
Togo,Developing,Afrique,652952,2111
Togo,Developing,Afrique,633472,2112
Togo,Developing,Afrique,6161796,2113
Togo,Developing,Afrique,5997385,2114
Togo,Developing,Afrique,5837792,2115
Togo,Developing,Afrique,5683268,2116
Togo,Developing,Afrique,5534598,2117
Togo,Developing,Afrique,539141,2118
Togo,Developing,Afrique,5251472,2119
Togo,Developing,Afrique,511177,2120
Togo,Developing,Afrique,497367,2121
Tonga,Developing,Océanie,16364,2122
Tonga,Developing,Océanie,15782,2123
Tonga,Developing,Océanie,15328,2124
Tonga,Developing,Océanie,14951,2125
Tonga,Developing,Océanie,14577,2126
Tonga,Developing,Océanie,14137,2127
Tonga,Developing,Océanie,1364,2128
Tonga,Developing,Océanie,135,2129
Tonga,Developing,Océanie,12357,2130
Tonga,Developing,Océanie,11689,2131
Tonga,Developing,Océanie,1141,2132
Tonga,Developing,Océanie,146,2133
Tonga,Developing,Océanie,99789,2134
Tonga,Developing,Océanie,99184,2135
Tonga,Developing,Océanie,98611,2136
Tonga,Developing,Océanie,9882,2137
Trinidad and Tobago,Developing,Amérique du Nord,13692,2138
Trinidad and Tobago,Developing,Amérique du Nord,1354493,2139
Trinidad and Tobago,Developing,Amérique du Nord,1348248,2140
Trinidad and Tobago,Developing,Amérique du Nord,1341588,2141
Trinidad and Tobago,Developing,Amérique du Nord,1334788,2142
Trinidad and Tobago,Developing,Amérique du Nord,13281,2143
Trinidad and Tobago,Developing,Amérique du Nord,1321618,2144
Trinidad and Tobago,Developing,Amérique du Nord,1315372,2145
Trinidad and Tobago,Developing,Amérique du Nord,13926,2146
Trinidad and Tobago,Developing,Amérique du Nord,133144,2147
Trinidad and Tobago,Developing,Amérique du Nord,1296934,2148
Trinidad and Tobago,Developing,Amérique du Nord,129535,2149
Trinidad and Tobago,Developing,Amérique du Nord,128452,2150
Trinidad and Tobago,Developing,Amérique du Nord,1277837,2151
Trinidad and Tobago,Developing,Amérique du Nord,127238,2152
Trinidad and Tobago,Developing,Amérique du Nord,1267984,2153
Tunisia,Developing,Afrique,11273661,2154
Tunisia,Developing,Afrique,1114398,2155
Tunisia,Developing,Afrique,1114558,2156
Tunisia,Developing,Afrique,1886668,2157
Tunisia,Developing,Afrique,1761467,2158
Tunisia,Developing,Afrique,1639931,2159
Tunisia,Developing,Afrique,1521834,2160
Tunisia,Developing,Afrique,147336,2161
Tunisia,Developing,Afrique,129887,2162
Tunisia,Developing,Afrique,1196136,2163
Tunisia,Developing,Afrique,112482,2164
Tunisia,Developing,Afrique,11761,2165
Tunisia,Developing,Afrique,9939678,2166
Tunisia,Developing,Afrique,9864326,2167
Tunisia,Developing,Afrique,978571,2168
Tunisia,Developing,Afrique,9699197,2169
Turkey,Developing,Asie,78271472,2170
Turkey,Developing,Asie,773628,2171
Turkey,Developing,Asie,75787333,2172
Turkey,Developing,Asie,74569867,2173
Turkey,Developing,Asie,7349455,2174
Turkey,Developing,Asie,72326914,2175
Turkey,Developing,Asie,71339185,2176
Turkey,Developing,Asie,74432,2177
Turkey,Developing,Asie,69597281,2178
Turkey,Developing,Asie,6876345,2179
Turkey,Developing,Asie,679346,2180
Turkey,Developing,Asie,677855,2181
Turkey,Developing,Asie,668583,2182
Turkey,Developing,Asie,6514354,2183
Turkey,Developing,Asie,64191474,2184
Turkey,Developing,Asie,6324121,2185
Turkmenistan,Developing,Asie,5565284,2186
Turkmenistan,Developing,Asie,5466241,2187
Turkmenistan,Developing,Asie,5366277,2188
Turkmenistan,Developing,Asie,5267839,2189
Turkmenistan,Developing,Asie,517461,2190
Turkmenistan,Developing,Asie,58721,2191
Turkmenistan,Developing,Asie,5795,2192
Turkmenistan,Developing,Asie,4935762,2193
Turkmenistan,Developing,Asie,487137,2194
Turkmenistan,Developing,Asie,48115,2195
Turkmenistan,Developing,Asie,4754641,2196
Turkmenistan,Developing,Asie,473398,2197
Turkmenistan,Developing,Asie,4655741,2198
Turkmenistan,Developing,Asie,4612,2199
Turkmenistan,Developing,Asie,45648,2200
Turkmenistan,Developing,Asie,4516131,2201
Uganda,Developing,Afrique,414487,2202
Uganda,Developing,Afrique,38833338,2203
Uganda,Developing,Afrique,37553726,2204
Uganda,Developing,Afrique,3636796,2205
Uganda,Developing,Afrique,3593648,2206
Uganda,Developing,Afrique,33915133,2207
Uganda,Developing,Afrique,32771895,2208
Uganda,Developing,Afrique,31663896,2209
Uganda,Developing,Afrique,359487,2210
Uganda,Developing,Afrique,2955662,2211
Uganda,Developing,Afrique,2854394,2212
Uganda,Developing,Afrique,27568436,2213
Uganda,Developing,Afrique,2662482,2214
Uganda,Developing,Afrique,2571848,2215
Uganda,Developing,Afrique,24854892,2216
Uganda,Developing,Afrique,2439274,2217
Ukraine,Developing,Europe,4515429,2218
Ukraine,Developing,Europe,45271947,2219
Ukraine,Developing,Europe,454896,2220
Ukraine,Developing,Europe,455933,2221
Ukraine,Developing,Europe,45761,2222
Ukraine,Developing,Europe,45877,2223
Ukraine,Developing,Europe,46533,2224
Ukraine,Developing,Europe,462582,2225
Ukraine,Developing,Europe,465935,2226
Ukraine,Developing,Europe,4678775,2227
Ukraine,Developing,Europe,471515,2228
Ukraine,Developing,Europe,474516,2229
Ukraine,Developing,Europe,4781295,2230
Ukraine,Developing,Europe,48225,2231
Ukraine,Developing,Europe,48683865,2232
Ukraine,Developing,Europe,49175848,2233
United Arab Emirates,Developing,Asie,1383743,2234
United Kingdom of Great Britain and Northern Ireland,Developed,Europe,1383743,2235
United Republic of Tanzania,Developing,Afrique,1383743,2236
United States,Developed,Amérique du Nord,1383743,2237
Uruguay,Developing,Amérique du Sud,3431552,2238
Uruguay,Developing,Amérique du Sud,3419546,2239
Uruguay,Developing,Amérique du Sud,3485,2240
Uruguay,Developing,Amérique du Sud,3396777,2241
Uruguay,Developing,Amérique du Sud,3385624,2242
Uruguay,Developing,Amérique du Sud,3374415,2243
Uruguay,Developing,Amérique du Sud,3362755,2244
Uruguay,Developing,Amérique du Sud,335824,2245
Uruguay,Developing,Amérique du Sud,3339741,2246
Uruguay,Developing,Amérique du Sud,333143,2247
Uruguay,Developing,Amérique du Sud,3325612,2248
Uruguay,Developing,Amérique du Sud,332496,2249
Uruguay,Developing,Amérique du Sud,3325637,2250
Uruguay,Developing,Amérique du Sud,3327773,2251
Uruguay,Developing,Amérique du Sud,332713,2252
Uruguay,Developing,Amérique du Sud,3321245,2253
Uzbekistan,Developing,Asie,312989,2254
Uzbekistan,Developing,Asie,37577,2255
Uzbekistan,Developing,Asie,32432,2256
Uzbekistan,Developing,Asie,297745,2257
Uzbekistan,Developing,Asie,293394,2258
Uzbekistan,Developing,Asie,285624,2259
Uzbekistan,Developing,Asie,277674,2260
Uzbekistan,Developing,Asie,27328,2261
Uzbekistan,Developing,Asie,26868,2262
Uzbekistan,Developing,Asie,2648825,2263
Uzbekistan,Developing,Asie,26167,2264
Uzbekistan,Developing,Asie,2586435,2265
Uzbekistan,Developing,Asie,2556765,2266
Uzbekistan,Developing,Asie,2527185,2267
Uzbekistan,Developing,Asie,2496445,2268
Uzbekistan,Developing,Asie,24654,2269
Vanuatu,Developing,Océanie,26463,2270
Vanuatu,Developing,Océanie,25885,2271
Vanuatu,Developing,Océanie,253142,2272
Vanuatu,Developing,Océanie,247485,2273
Vanuatu,Developing,Océanie,241871,2274
Vanuatu,Developing,Océanie,236295,2275
Vanuatu,Developing,Océanie,23785,2276
Vanuatu,Developing,Océanie,22534,2277
Vanuatu,Developing,Océanie,219953,2278
Vanuatu,Developing,Océanie,214634,2279
Vanuatu,Developing,Océanie,2937,2280
Vanuatu,Developing,Océanie,24143,2281
Vanuatu,Developing,Océanie,198964,2282
Vanuatu,Developing,Océanie,193956,2283
Vanuatu,Developing,Océanie,18929,2284
Vanuatu,Developing,Océanie,18563,2285
Venezuela,Developing,Amérique du Sud,1383743,2286
Vietnam,Developing,Asie,1383743,2287
Yemen,Developing,Asie,1383743,2288
Zambia,Developing,Afrique,161587,2289
Zambia,Developing,Afrique,1562974,2290
Zambia,Developing,Afrique,1515321,2291
Zambia,Developing,Afrique,14699937,2292
Zambia,Developing,Afrique,14264756,2293
Zambia,Developing,Afrique,138533,2294
Zambia,Developing,Afrique,13456417,2295
Zambia,Developing,Afrique,1382517,2296
Zambia,Developing,Afrique,12725974,2297
Zambia,Developing,Afrique,12383446,2298
Zambia,Developing,Afrique,1252156,2299
Zambia,Developing,Afrique,11731746,2300
Zambia,Developing,Afrique,11421984,2301
Zambia,Developing,Afrique,111249,2302
Zambia,Developing,Afrique,1824125,2303
Zambia,Developing,Afrique,1531221,2304
Zimbabwe,Developing,Afrique,15777451,2305
Zimbabwe,Developing,Afrique,15411675,2306
Zimbabwe,Developing,Afrique,155456,2307
Zimbabwe,Developing,Afrique,1471826,2308
Zimbabwe,Developing,Afrique,14386649,2309
Zimbabwe,Developing,Afrique,1486317,2310
Zimbabwe,Developing,Afrique,1381599,2311
Zimbabwe,Developing,Afrique,13558469,2312
Zimbabwe,Developing,Afrique,1332999,2313
Zimbabwe,Developing,Afrique,13124267,2314
Zimbabwe,Developing,Afrique,129432,2315
Zimbabwe,Developing,Afrique,12777511,2316
Zimbabwe,Developing,Afrique,12633897,2317
Zimbabwe,Developing,Afrique,125525,2318
Zimbabwe,Developing,Afrique,12366165,2319
Zimbabwe,Developing,Afrique,12222251,2320
